titre,discipline_code,discipline,rang_fnege_2025,pissn,eissn,issn_cle,slug,editeur,openalex_id,nom_openalex
ACCOUNTING REVIEW (THE),ACC,Comptabilité,1*,0001-4826,1558-7967,1558-7967,accounting-review-the,American Accounting Association,https://openalex.org/S160506855,The Accounting Review
"""ACCOUNTING"," ORGANIZATION AND SOCIETY""",ACC,Comptabilité,1*,0361-3682,1873-6289,1873-6289,Elsevier BV,https://openalex.org/S198892436,Accounting Organizations and Society
JOURNAL OF ACCOUNTING AND ECONOMICS,ACC,Comptabilité,1*,0165-4101,1879-1980,1879-1980,journal-of-accounting-and-economics,Elsevier BV,https://openalex.org/S62142384,Journal of Accounting and Economics
JOURNAL OF ACCOUNTING RESEARCH,ACC,Comptabilité,1*,0021-8456,1475-679X,1475-679X,journal-of-accounting-research,Wiley,https://openalex.org/S111116695,Journal of Accounting Research
CONTEMPORARY ACCOUNTING RESEARCH,ACC,Comptabilité,1,0823-9150,1911-3846,1911-3846,contemporary-accounting-research,Wiley,https://openalex.org/S65924262,Contemporary Accounting Research
REVIEW OF ACCOUNTING STUDIES,ACC,Comptabilité,1,1380-6653,1573-7136,1573-7136,review-of-accounting-studies,Springer Science+Business Media,https://openalex.org/S11853582,Review of Accounting Studies
ABACUS,ACC,Comptabilité,2,0001-3072,1467-6281,1467-6281,abacus,Wiley,https://openalex.org/S161221442,Abacus
ACCOUNTING AND BUSINESS RESEARCH,ACC,Comptabilité,2,0001-4788,2159-4260,2159-4260,accounting-and-business-research,Taylor & Francis,https://openalex.org/S323237,Accounting and Business Research
ACCOUNTING HORIZONS,ACC,Comptabilité,2,0888-7993,1558-7975,1558-7975,accounting-horizons,American Accounting Association,https://openalex.org/S181356434,Accounting Horizons
"""ACCOUNTING"," AUDITING AND ACCOUNTABILITY JOURNAL""",ACC,Comptabilité,2,0951-3574,1758-4205,1758-4205,Emerald Publishing Limited,https://openalex.org/S4210224324,Accounting Auditing & Accountability Journal
AUDITING-A JOURNAL OF PRACTICE & THEORY,ACC,Comptabilité,2,0278-0380,1558-7991,1558-7991,auditing-a-journal-of-practice-and-theory,American Accounting Association,https://openalex.org/S75845752,Auditing A Journal of Practice & Theory
BRITISH ACCOUNTING REVIEW,ACC,Comptabilité,2,0890-8389,1095-8347,1095-8347,british-accounting-review,Elsevier BV,https://openalex.org/S197396629,The British Accounting Review
COMPTABILITÉ-CONTRÔLE-AUDIT,ACC,Comptabilité,2,1262-2788,2313-514X,2313-514X,comptabilite-controle-audit,,https://openalex.org/S4210172125,Comptabilité - Contrôle - Audit
CRITICAL PERSPECTIVES ON ACCOUNTING,ACC,Comptabilité,2,1045-2354,1095-9955,1095-9955,critical-perspectives-on-accounting,Elsevier BV,https://openalex.org/S66510378,Critical Perspectives on Accounting
EUROPEAN ACCOUNTING REVIEW,ACC,Comptabilité,2,0963-8180,1468-4497,1468-4497,european-accounting-review,Routledge,https://openalex.org/S171424506,European Accounting Review
JOURNAL OF BUSINESS FINANCE AND ACCOUNTING,ACC,Comptabilité,2,0306-686X,1468-5957,1468-5957,journal-of-business-finance-and-accounting,Wiley,https://openalex.org/S48254654,Journal of Business Finance &amp Accounting
MANAGEMENT ACCOUNTING RESEARCH,ACC,Comptabilité,2,1044-5005,1096-1224,1096-1224,management-accounting-research,Elsevier BV,https://openalex.org/S114140714,Management Accounting Research
ACCOUNTING AND FINANCE,ACC,Comptabilité,3,0810-5391,1467-629X,1467-629X,accounting-and-finance,Wiley,https://openalex.org/S4210171597,Accounting and Finance
ACCOUNTING FORUM,ACC,Comptabilité,3,0155-9982,1467-6303,1467-6303,accounting-forum,Taylor & Francis,https://openalex.org/S131296671,Accounting Forum
ACCOUNTING IN EUROPE,ACC,Comptabilité,3,1744-9480,1744-9499,1744-9499,accounting-in-europe,Routledge,https://openalex.org/S31181851,Accounting in Europe
ADVANCES IN ACCOUNTING (INCORPORATING: ADVANCES IN INTERNATIONAL ACCOUNTING),ACC,Comptabilité,3,0882-6110,1046-5715,1046-5715,advances-in-accounting-incorporating-advances-in-international-accounting,Elsevier BV,https://openalex.org/S27001385,Advances in Accounting
AUSTRALIAN ACCOUNTING REVIEW,ACC,Comptabilité,3,1035-6908,1835-2561,1835-2561,australian-accounting-review,Wiley,https://openalex.org/S144747835,Australian Accounting Review
BEHAVIORAL RESEARCH IN ACCOUNTING,ACC,Comptabilité,3,1050-4753,1558-8009,1558-8009,behavioral-research-in-accounting,American Accounting Association,https://openalex.org/S41393910,Behavioral Research in Accounting
INTERNATIONAL JOURNAL OF ACCOUNTING INFORMATION SYSTEMS,ACC,Comptabilité,3,1467-0895,1873-4723,1873-4723,international-journal-of-accounting-information-systems,Elsevier BV,https://openalex.org/S38901890,International Journal of Accounting Information Systems
INTERNATIONAL JOURNAL OF AUDITING,ACC,Comptabilité,3,1090-6738,1099-1123,1099-1123,international-journal-of-auditing,Wiley,https://openalex.org/S152372256,International Journal of Auditing
INTERNATIONAL LABOUR REVIEW,ACC,Comptabilité,3,0020-7780,1564-913X,1564-913X,international-labour-review,Wiley,https://openalex.org/S50174339,International Labour Review
JOURNAL OF ACCOUNTING LITERATURE,ACC,Comptabilité,3,0737-4607,2452-1469,2452-1469,journal-of-accounting-literature,Elsevier BV,https://openalex.org/S2898124213,Journal of Accounting Literature
"""JOURNAL OF ACCOUNTING"," AUDITING AND FINANCE""",ACC,Comptabilité,3,0148-558X,2160-4061,2160-4061,SAGE Publishing,https://openalex.org/S107181468,Journal of Accounting Auditing & Finance
JOURNAL OF APPLIED ACCOUNTING RESEARCH,ACC,Comptabilité,3,0967-5426,1758-8855,1758-8855,journal-of-applied-accounting-research,Emerald Publishing Limited,https://openalex.org/S144250037,Journal of Applied Accounting Research
JOURNAL OF CONTEMPORARY ACCOUNTING & ECONOMICS,ACC,Comptabilité,3,1815-5669,2352-3298,2352-3298,journal-of-contemporary-accounting-and-economics,Elsevier BV,https://openalex.org/S142725411,Journal of Contemporary Accounting & Economics
JOURNAL OF INTERNATIONAL ACCOUNTING RESEARCH,ACC,Comptabilité,3,1542-6297,1558-8025,1558-8025,journal-of-international-accounting-research,American Accounting Association,https://openalex.org/S127536956,Journal of International Accounting Research
"""JOURNAL OF INTERNATIONAL ACCOUNTING"," AUDITING AND TAXATION""",ACC,Comptabilité,3,1061-9518,1879-1603,1879-1603,Elsevier BV,https://openalex.org/S132432621,Journal of International Accounting Auditing and Taxation
JOURNAL OF INTERNATIONAL FINANCIAL MANAGEMENT & ACCOUNTING,ACC,Comptabilité,3,0954-1314,1467-646X,1467-646X,journal-of-international-financial-management-and-accounting,Wiley,https://openalex.org/S83262020,Journal of International Financial Management and Accounting
JOURNAL OF MANAGEMENT ACCOUNTING RESEARCH,ACC,Comptabilité,3,1049-2127,1558-8033,1558-8033,journal-of-management-accounting-research,American Accounting Association,https://openalex.org/S16069442,Journal of Management Accounting Research
MANAGERIAL AUDITING JOURNAL,ACC,Comptabilité,3,0268-6902,1758-7735,1758-7735,managerial-auditing-journal,Emerald Publishing Limited,https://openalex.org/S136661304,Managerial Auditing Journal
QUALITATIVE RESEARCH IN ACCOUNTING AND MANAGEMENT,ACC,Comptabilité,3,1176-6093,1758-7654,1758-7654,qualitative-research-in-accounting-and-management,Emerald Publishing Limited,https://openalex.org/S76239586,Qualitative Research in Accounting & Management
"""SUSTAINABILITY ACCOUNTING"," MANAGEMENT AND POLICY JOURNAL""",ACC,Comptabilité,3,2040-8021,2040-803X,2040-803X,Emerald Publishing Limited,https://openalex.org/S183939566,Sustainability Accounting Management and Policy Journal
THE INTERNATIONAL JOURNAL OF ACCOUNTING,ACC,Comptabilité,3,1094-4060,2213-3933,2213-3933,the-international-journal-of-accounting,Elsevier BV,https://openalex.org/S5835822,The International Journal of Accounting
ACADEMY OF MANAGEMENT LEARNING AND EDUCATION,EDUC,Enseignement,1,1537-260X,1944-9585,1944-9585,academy-of-management-learning-and-education,Academy of Management,https://openalex.org/S45682993,Academy of Management Learning and Education
MANAGEMENT LEARNING,EDUC,Enseignement,2,1350-5076,1461-7307,1461-7307,management-learning,SAGE Publishing,https://openalex.org/S99768379,Management Learning
JOURNAL OF MANAGEMENT EDUCATION,EDUC,Enseignement,3,1052-5629,1552-6658,1552-6658,journal-of-management-education,SAGE Publishing,https://openalex.org/S190363454,Organizational Behavior Teaching Review
STUDIES IN HIGHER EDUCATION,EDUC,Enseignement,3,0307-5079,1470-174X,1470-174X,studies-in-higher-education,Routledge,https://openalex.org/S162196882,Studies in Higher Education
AMERICAN JOURNAL OF SOCIOLOGY,BUS SOC,Entreprise et société,1,0002-9602,1537-5390,1537-5390,american-journal-of-sociology,University of Chicago Press,https://openalex.org/S122471516,American Journal of Sociology
AMERICAN SOCIOLOGICAL REVIEW,BUS SOC,Entreprise et société,1,0003-1224,1939-8271,1939-8271,american-sociological-review,SAGE Publishing,https://openalex.org/S157620343,American Sociological Review
ECONOMIC GEOGRAPHY,BUS SOC,Entreprise et société,1,0013-0095,1944-8287,1944-8287,economic-geography,Taylor & Francis,https://openalex.org/S38825547,Economic Geography
JOURNAL OF ENVIRONMENTAL ECONOMICS AND MANAGEMENT,BUS SOC,Entreprise et société,1,0095-0696,1096-0449,1096-0449,journal-of-environmental-economics-and-management,Elsevier BV,https://openalex.org/S200872515,Journal of Environmental Economics and Management
ANNUAL REVIEW OF SOCIOLOGY,BUS SOC,Entreprise et société,2,0360-0572,1545-2115,1545-2115,annual-review-of-sociology,Annual Reviews,https://openalex.org/S61274580,Annual Review of Sociology
BUSINESS AND SOCIETY,BUS SOC,Entreprise et société,2,0007-6503,1552-4205,1552-4205,business-and-society,SAGE Publishing,https://openalex.org/S44376543,Business & Society
ECOLOGICAL ECONOMICS,BUS SOC,Entreprise et société,2,1873-6106,1989-2021,1989-2021,ecological-economics,Elsevier BV,https://openalex.org/S136211407,Ecological Economics
ENVIRONMENTAL AND RESOURCE ECONOMICS,BUS SOC,Entreprise et société,2,0924-6460,1573-1502,1573-1502,environmental-and-resource-economics,Springer Science+Business Media,https://openalex.org/S86125002,Environmental and Resource Economics
GENDER AND SOCIETY,BUS SOC,Entreprise et société,2,0891-2432,1552-3977,1552-3977,gender-and-society,SAGE Publishing,https://openalex.org/S113116626,Gender & Society
GLOBAL ENVIRONMENTAL CHANGE,BUS SOC,Entreprise et société,2,0959-3780,1872-9495,1872-9495,global-environmental-change,Elsevier BV,https://openalex.org/S130750583,Global Environmental Change
JOURNAL OF ECONOMIC GEOGRAPHY,BUS SOC,Entreprise et société,2,1468-2702,1468-2710,1468-2710,journal-of-economic-geography,Oxford University Press,https://openalex.org/S46039370,Journal of Economic Geography
JOURNAL OF ENVIRONMENTAL MANAGEMENT,BUS SOC,Entreprise et société,2,0301-4797,1095-8630,1095-8630,journal-of-environmental-management,Elsevier BV,https://openalex.org/S44455300,Journal of Environmental Management
REVUE DE L'ORGANISATION RESPONSABLE (ROR),BUS SOC,Entreprise et société,2,1951-0187,2105-3022,2105-3022,revue-de-l-organisation-responsable-ror,,https://openalex.org/S4210209230,Revue de l’organisation responsable
SOCIOLOGY,BUS SOC,Entreprise et société,2,0038-0385,1469-8684,1469-8684,sociology,SAGE Publishing,https://openalex.org/S79135273,Sociology
BRITISH JOURNAL OF SOCIOLOGY,BUS SOC,Entreprise et société,3,0007-1315,1468-4446,1468-4446,british-journal-of-sociology,Wiley,https://openalex.org/S173252385,British Journal of Sociology
"""BUSINESS ETHICS"," THE ENVIRONMENT AND RESPONSIBILITY""",BUS SOC,Entreprise et société,3,2694-6416,2694-6424,2694-6424,Wiley,https://openalex.org/S4210218449,Business Ethics the Environment & Responsibility
DEVELOPMENT AND CHANGE,BUS SOC,Entreprise et société,3,0012-155X,1467-7660,1467-7660,development-and-change,Wiley,https://openalex.org/S137192870,Development and Change
ECONOMY AND SOCIETY,BUS SOC,Entreprise et société,3,0308-5147,1469-5766,1469-5766,economy-and-society,Taylor & Francis,https://openalex.org/S25250876,Economy and Society
JOURNAL OF INDUSTRIAL ECOLOGY,BUS SOC,Entreprise et société,3,1088-1980,1530-9290,1530-9290,journal-of-industrial-ecology,Wiley,https://openalex.org/S203731762,Journal of Industrial Ecology
JOURNAL OF THE ASSOCIATION OF ENVIRONMENTAL AND RESOURCE ECONOMISTS,BUS SOC,Entreprise et société,3,2333-5955,2333-5963,2333-5963,journal-of-the-association-of-environmental-and-resource-economists,University of Chicago Press,https://openalex.org/S2735550652,Journal of the Association of Environmental and Resource Economists
KYKLOS,BUS SOC,Entreprise et société,3,0023-5962,1467-6435,1467-6435,kyklos,Wiley,https://openalex.org/S91661715,Kyklos
SOCIAL FORCES,BUS SOC,Entreprise et société,3,0037-7732,1534-7605,1534-7605,social-forces,Oxford University Press,https://openalex.org/S130611943,Social Forces
"""THEORY"," CULTURE AND SOCIETY""",BUS SOC,Entreprise et société,3,0263-2764,1460-3616,1460-3616,SAGE Publishing,https://openalex.org/S77333486,Theory Culture & Society
AMERICAN ECONOMIC REVIEW,FIN,Finance,1*,0002-8282,1944-7981,1944-7981,american-economic-review,American Economic Association,https://openalex.org/S23254222,American Economic Review
ECONOMETRICA,FIN,Finance,1*,0012-9682,1468-0262,1468-0262,econometrica,Wiley,https://openalex.org/S95464858,Econometrica
JOURNAL OF FINANCE,FIN,Finance,1*,0022-1082,1540-6261,1540-6261,journal-of-finance,Wiley,https://openalex.org/S5353659,The Journal of Finance
JOURNAL OF FINANCIAL ECONOMICS,FIN,Finance,1*,0304-405X,0304-405X,0304-405X,journal-of-financial-economics,Elsevier BV,https://openalex.org/S149240962,Journal of Financial Economics
REVIEW OF FINANCIAL STUDIES,FIN,Finance,1*,0893-9454,1465-7368,1465-7368,review-of-financial-studies,Oxford University Press,https://openalex.org/S170137484,Review of Financial Studies
JOURNAL OF BANKING AND FINANCE,FIN,Finance,1,0378-4266,1872-6372,1872-6372,journal-of-banking-and-finance,Elsevier BV,https://openalex.org/S2876017,Journal of Banking & Finance
JOURNAL OF BUSINESS AND ECONOMIC STATISTICS,FIN,Finance,1,0735-0015,1537-2707,1537-2707,journal-of-business-and-economic-statistics,Taylor & Francis,https://openalex.org/S18095783,Journal of Business and Economic Statistics
"""JOURNAL OF CORPORATE FINANCE: CONTRACTING"," GOVERNANCE AND ORGANIZATION""",FIN,Finance,1,0929-1199,1872-6313,1872-6313,Elsevier BV,https://openalex.org/S152282257,Journal of Corporate Finance
JOURNAL OF FINANCIAL AND QUANTITATIVE ANALYSIS,FIN,Finance,1,0022-1090,1756-6916,1756-6916,journal-of-financial-and-quantitative-analysis,Cambridge University Press,https://openalex.org/S193228710,Journal of Financial and Quantitative Analysis
JOURNAL OF FINANCIAL INTERMEDIATION,FIN,Finance,1,1042-9573,1096-0473,1096-0473,journal-of-financial-intermediation,Elsevier BV,https://openalex.org/S5984737,Journal of Financial Intermediation
"""JOURNAL OF MONEY"," CREDIT AND BANKING""",FIN,Finance,1,0022-2879,1538-4616,1538-4616,Wiley,https://openalex.org/S2058785,Journal of money credit and banking
REVIEW OF FINANCE,FIN,Finance,1,1572-3097,1573-692X,1573-692X,review-of-finance,Oxford University Press,https://openalex.org/S49857371,European Finance Review
FINANCE,FIN,Finance,2,0752-6180,2101-0145,2101-0145,finance,,https://openalex.org/S4210180542,Finance
FINANCE AND STOCHASTICS,FIN,Finance,2,0949-2984,1432-1122,1432-1122,finance-and-stochastics,Springer Science+Business Media,https://openalex.org/S172526255,Finance and Stochastics
FINANCIAL ANALYSTS JOURNAL,FIN,Finance,2,0015-198X,1938-3312,1938-3312,financial-analysts-journal,Taylor & Francis,https://openalex.org/S162525099,Financial Analysts Journal
FINANCIAL MANAGEMENT,FIN,Finance,2,0046-3892,1755-053X,1755-053X,financial-management,Wiley,https://openalex.org/S157946625,Financial Management
JOURNAL OF EMPIRICAL FINANCE,FIN,Finance,2,0927-5398,1879-1727,1879-1727,journal-of-empirical-finance,Elsevier BV,https://openalex.org/S145875555,Journal of Empirical Finance
JOURNAL OF FINANCIAL ECONOMETRICS,FIN,Finance,2,1479-8409,1479-8417,1479-8417,journal-of-financial-econometrics,Oxford University Press,https://openalex.org/S207154782,Journal of Financial Econometrics
JOURNAL OF FINANCIAL MARKETS,FIN,Finance,2,1386-4181,1878-576X,1878-576X,journal-of-financial-markets,Elsevier BV,https://openalex.org/S127646213,Journal of Financial Markets
JOURNAL OF FINANCIAL STABILITY,FIN,Finance,2,1572-3089,1878-0962,1878-0962,journal-of-financial-stability,Elsevier BV,https://openalex.org/S121634618,Journal of Financial Stability
JOURNAL OF INTERNATIONAL MONEY AND FINANCE,FIN,Finance,2,0261-5606,1873-0639,1873-0639,journal-of-international-money-and-finance,Elsevier BV,https://openalex.org/S10747938,Journal of International Money and Finance
JOURNAL OF RISK AND INSURANCE,FIN,Finance,2,0022-4367,1539-6975,1539-6975,journal-of-risk-and-insurance,Wiley,https://openalex.org/S116483603,Journal of Risk & Insurance
JOURNAL OF RISK AND UNCERTAINTY,FIN,Finance,2,0895-5646,1573-0476,1573-0476,journal-of-risk-and-uncertainty,Springer Science+Business Media,https://openalex.org/S106686155,Journal of Risk and Uncertainty
MATHEMATICAL FINANCE,FIN,Finance,2,0960-1627,1467-9965,1467-9965,mathematical-finance,Wiley,https://openalex.org/S133335107,Mathematical Finance
REVIEW OF CORPORATE FINANCE STUDIES,FIN,Finance,2,2046-9136,2046-9136,2046-9136,review-of-corporate-finance-studies,Oxford University Press,https://openalex.org/S2736251538,The Review of Corporate Finance Studies
APPLIED ECONOMICS,FIN,Finance,3,0003-6846,1466-4283,1466-4283,applied-economics,Taylor & Francis,https://openalex.org/S201533460,Applied Economics
ASTIN BULLETIN,FIN,Finance,3,0515-0361,1783-1350,1783-1350,astin-bulletin,Cambridge University Press,https://openalex.org/S92223472,Astin Bulletin
ECONOMIC MODELLING,FIN,Finance,3,0264-9993,1873-6122,1873-6122,economic-modelling,Elsevier BV,https://openalex.org/S141184754,Economic Modelling
EMERGING MARKETS REVIEW,FIN,Finance,3,1566-0141,1873-6173,1873-6173,emerging-markets-review,Elsevier BV,https://openalex.org/S197112600,Emerging Markets Review
EUROPEAN FINANCIAL MANAGEMENT,FIN,Finance,3,1354-7798,1468-036X,1468-036X,european-financial-management,Wiley,https://openalex.org/S131852005,European Financial Management
FINANCE CONTRÔLE STRATÉGIE,FIN,Finance,3,1287-1141,2261-5512,2261-5512,finance-controle-strategie,,https://openalex.org/S4210186947,Finance Contrôle Stratégie
FINANCE RESEARCH LETTERS,FIN,Finance,3,1544-6123,1544-6131,1544-6131,finance-research-letters,Elsevier BV,https://openalex.org/S88577320,Finance research letters
"""FINANCIAL MARKETS"," INSTITUTIONS AND INSTRUMENTS""",FIN,Finance,3,0963-8008,1468-0416,1468-0416,Wiley,https://openalex.org/S39811122,Financial Markets Institutions and Instruments
FINANCIAL REVIEW,FIN,Finance,3,0732-8516,1540-6288,1540-6288,financial-review,Wiley,https://openalex.org/S9351053,Financial Review
GENEVA PAPERS ON RISK AND INSURANCE: ISSUES AND PRACTICE,FIN,Finance,3,1018-5895,1468-0440,1468-0440,geneva-papers-on-risk-and-insurance-issues-and-practice,Palgrave Macmillan,https://openalex.org/S151491554,The Geneva Papers on Risk and Insurance Issues and Practice
INSURANCE: MATHEMATICS AND ECONOMICS,FIN,Finance,3,0167-6687,1873-5959,1873-5959,insurance-mathematics-and-economics,Elsevier BV,https://openalex.org/S198325475,Insurance Mathematics and Economics
INTERNATIONAL JOURNAL OF FINANCE AND ECONOMICS,FIN,Finance,3,1076-9307,1099-1158,1099-1158,international-journal-of-finance-and-economics,Wiley,https://openalex.org/S146099957,International Journal of Finance & Economics
INTERNATIONAL REVIEW OF ECONOMICS AND FINANCE,FIN,Finance,3,1059-0560,1873-8036,1873-8036,international-review-of-economics-and-finance,Elsevier BV,https://openalex.org/S168273071,International Review of Economics & Finance
INTERNATIONAL REVIEW OF FINANCIAL ANALYSIS,FIN,Finance,3,1057-5219,1873-8079,1873-8079,international-review-of-financial-analysis,Elsevier BV,https://openalex.org/S145572626,International Review of Financial Analysis
JOURNAL OF COMMODITY MARKETS,FIN,Finance,3,2405-8505,2405-8513,2405-8513,journal-of-commodity-markets,Elsevier BV,https://openalex.org/S2898531903,Journal of commodity markets
JOURNAL OF DERIVATIVES,FIN,Finance,3,1074-1240,2168-8524,2168-8524,journal-of-derivatives,,https://openalex.org/S173901576,The Journal of Derivatives
JOURNAL OF FINANCIAL RESEARCH,FIN,Finance,3,0270-2592,1475-6803,1475-6803,journal-of-financial-research,Wiley,https://openalex.org/S74917840,The Journal of Financial Research
JOURNAL OF FINANCIAL SERVICES RESEARCH,FIN,Finance,3,0920-8550,1573-0735,1573-0735,journal-of-financial-services-research,Springer Science+Business Media,https://openalex.org/S79175213,Journal of Financial Services Research
JOURNAL OF FIXED INCOME,FIN,Finance,3,1059-8596,1059-8596,1059-8596,journal-of-fixed-income,Euromoney Institutional Investor,https://openalex.org/S99789271,The Journal of Fixed Income
JOURNAL OF FUTURES MARKETS,FIN,Finance,3,0270-7314,1096-9934,1096-9934,journal-of-futures-markets,Wiley,https://openalex.org/S136612413,Journal of Futures Markets
"""JOURNAL OF INTERNATIONAL FINANCIAL MARKETS"," INSTITUTIONS AND MONEY""",FIN,Finance,3,1042-4431,1873-0612,1873-0612,Elsevier BV,https://openalex.org/S82743730,Journal of International Financial Markets Institutions and Money
JOURNAL OF PORTFOLIO MANAGEMENT,FIN,Finance,3,0095-4918,2168-8656,2168-8656,journal-of-portfolio-management,Euromoney Institutional Investor,https://openalex.org/S143806524,The Journal of Portfolio Management
JOURNAL OF REAL ESTATE FINANCE AND ECONOMICS,FIN,Finance,3,0895-5638,1573-045X,1573-045X,journal-of-real-estate-finance-and-economics,Springer Science+Business Media,https://openalex.org/S202178085,The Journal of Real Estate Finance and Economics
NORTH AMERICAN ACTUARIAL JOURNAL,FIN,Finance,3,1092-0277,2325-0453,2325-0453,north-american-actuarial-journal,Taylor & Francis,https://openalex.org/S2764463436,North American Actuarial Journal
PACIFIC BASIN FINANCE JOURNAL,FIN,Finance,3,0927-538X,1879-0585,1879-0585,pacific-basin-finance-journal,Elsevier BV,https://openalex.org/S29049940,Pacific-Basin Finance Journal
QUANTITATIVE FINANCE,FIN,Finance,3,1469-7688,1469-7696,1469-7696,quantitative-finance,Taylor & Francis,https://openalex.org/S182689569,Quantitative Finance
REAL ESTATE ECONOMICS,FIN,Finance,3,1080-8620,1540-6229,1540-6229,real-estate-economics,Wiley,https://openalex.org/S129086836,Real Estate Economics
RESEARCH IN INTERNATIONAL BUSINESS AND FINANCE,FIN,Finance,3,0275-5319,1878-3384,1878-3384,research-in-international-business-and-finance,Elsevier BV,https://openalex.org/S8133038,Research in International Business and Finance
REVIEW OF ASSET PRICING STUDIES,FIN,Finance,3,2045-9939,2045-9939,2045-9939,review-of-asset-pricing-studies,Oxford University Press,https://openalex.org/S2735409286,The Review of Asset Pricing Studies
REVIEW OF DERIVATIVES RESEARCH,FIN,Finance,3,1380-6645,1573-7144,1573-7144,review-of-derivatives-research,Springer Science+Business Media,https://openalex.org/S100711025,Review of Derivatives Research
REVIEW OF QUANTITATIVE FINANCE AND ACCOUNTING,FIN,Finance,3,0924-865X,1573-7179,1573-7179,review-of-quantitative-finance-and-accounting,Springer Science+Business Media,https://openalex.org/S62110574,Review of Quantitative Finance and Accounting
THE EUROPEAN JOURNAL OF FINANCE,FIN,Finance,3,1351-847X,1466-4364,1466-4364,the-european-journal-of-finance,Taylor & Francis,https://openalex.org/S82316188,European Journal of Finance
THE GENEVA RISK AND INSURANCE REVIEW,FIN,Finance,3,1554-964X,1554-9658,1554-9658,the-geneva-risk-and-insurance-review,Palgrave Macmillan,https://openalex.org/S194824457,The Geneva Risk and Insurance Review
THE QUARTERLY REVIEW OF ECONOMICS AND FINANCE,FIN,Finance,3,1062-9769,1878-4259,1878-4259,the-quarterly-review-of-economics-and-finance,Elsevier BV,https://openalex.org/S125273398,The Quarterly Review of Economics and Finance
JOURNAL OF APPLIED PSYCHOLOGY,HRM,GRH,1*,0021-9010,1939-1854,1939-1854,journal-of-applied-psychology,American Psychological Association,https://openalex.org/S166002381,Journal of Applied Psychology
PERSONNEL PSYCHOLOGY,HRM,GRH,1*,0031-5826,1744-6570,1744-6570,personnel-psychology,Wiley,https://openalex.org/S84664706,Personnel Psychology
BRITISH JOURNAL OF INDUSTRIAL RELATIONS,HRM,GRH,1,0007-1080,1467-8543,1467-8543,british-journal-of-industrial-relations,Wiley,https://openalex.org/S61595665,British Journal of Industrial Relations
HUMAN RELATIONS,HRM,GRH,1,0018-7267,1741-282X,1741-282X,human-relations,SAGE Publishing,https://openalex.org/S61446109,Human Relations
HUMAN RESOURCE MANAGEMENT,HRM,GRH,1,0090-4848,1099-050X,1099-050X,human-resource-management,Wiley,https://openalex.org/S134094273,Human Resource Management
HUMAN RESOURCE MANAGEMENT JOURNAL,HRM,GRH,1,0954-5395,1748-8583,1748-8583,human-resource-management-journal,Wiley,https://openalex.org/S113497174,Human Resource Management Journal
INDUSTRIAL RELATIONS: A JOURNAL OF ECONOMY AND SOCIETY,HRM,GRH,1,0019-8676,1468-232X,1468-232X,industrial-relations-a-journal-of-economy-and-society,Wiley,https://openalex.org/S174105208,Industrial Relations A Journal of Economy and Society
JOURNAL OF LABOR ECONOMICS,HRM,GRH,1,0734-306X,1537-5307,1537-5307,journal-of-labor-economics,University of Chicago Press,https://openalex.org/S8557221,Journal of Labor Economics
JOURNAL OF VOCATIONAL BEHAVIOR,HRM,GRH,1,0001-8791,1095-9084,1095-9084,journal-of-vocational-behavior,Elsevier BV,https://openalex.org/S25746158,Journal of Vocational Behavior
LEADERSHIP QUARTERLY,HRM,GRH,1,1048-9843,1873-3409,1873-3409,leadership-quarterly,Elsevier BV,https://openalex.org/S152304618,The Leadership Quarterly
ORGANIZATIONAL BEHAVIOR AND HUMAN DECISION PROCESSES,HRM,GRH,1,0749-5978,1095-9920,1095-9920,organizational-behavior-and-human-decision-processes,Elsevier BV,https://openalex.org/S64744539,Organizational Behavior and Human Decision Processes
@GRH,HRM,GRH,2,2034-9130,2295-9149,2295-9149,grh,De Boeck,https://openalex.org/S4210216728,GRH
APPLIED PSYCHOLOGY: AN INTERNATIONAL REVIEW,HRM,GRH,2,0269-994X,1464-0597,1464-0597,applied-psychology-an-international-review,Wiley,https://openalex.org/S47864991,Applied Psychology
BUSINESS ETHICS QUARTERLY,HRM,GRH,2,1052-150X,2153-3326,2153-3326,business-ethics-quarterly,Cambridge University Press,https://openalex.org/S9702615,Business Ethics Quarterly
"""GENDER"," WORK AND ORGANIZATION""",HRM,GRH,2,0968-6673,1468-0432,1468-0432,Wiley,https://openalex.org/S172342871,Gender Work and Organization
GROUP AND ORGANIZATION MANAGEMENT,HRM,GRH,2,1059-6011,1552-3993,1552-3993,group-and-organization-management,SAGE Publishing,https://openalex.org/S192266589,Group & Organization Management
HUMAN RESOURCE MANAGEMENT REVIEW,HRM,GRH,2,1053-4822,1873-7889,1873-7889,human-resource-management-review,Elsevier BV,https://openalex.org/S185253248,Human Resource Management Review
ILR REVIEW (INDUSTRIAL AND LABOR RELATIONS REVIEW),HRM,GRH,2,0019-7939,2162-271X,2162-271X,ilr-review-industrial-and-labor-relations-review,SAGE Publishing,https://openalex.org/S192274990,Industrial and Labor Relations Review
INTERNATIONAL JOURNAL OF HUMAN RESOURCE MANAGEMENT,HRM,GRH,2,0958-5192,1466-4399,1466-4399,international-journal-of-human-resource-management,Routledge,https://openalex.org/S184846731,The International Journal of Human Resource Management
JOURNAL OF BEHAVIORAL DECISION MAKING,HRM,GRH,2,0894-3257,1099-0771,1099-0771,journal-of-behavioral-decision-making,Wiley,https://openalex.org/S117214846,Journal of Behavioral Decision Making
JOURNAL OF CONFLICT RESOLUTION,HRM,GRH,2,0022-0027,1552-8766,1552-8766,journal-of-conflict-resolution,SAGE Publishing,https://openalex.org/S20177303,Journal of Conflict Resolution
JOURNAL OF HUMAN RESOURCES,HRM,GRH,2,0022-166X,1548-8004,1548-8004,journal-of-human-resources,University of Wisconsin Press,https://openalex.org/S62957338,The Journal of Human Resources
JOURNAL OF OCCUPATIONAL AND ORGANIZATIONAL PSYCHOLOGY,HRM,GRH,2,0963-1798,2044-8325,2044-8325,journal-of-occupational-and-organizational-psychology,Wiley,https://openalex.org/S87328381,Journal of Occupational and Organizational Psychology
JOURNAL OF OCCUPATIONAL HEALTH PSYCHOLOGY,HRM,GRH,2,1076-8998,1939-1307,1939-1307,journal-of-occupational-health-psychology,American Psychological Association,https://openalex.org/S3481703,Journal of Occupational Health Psychology
LABOUR ECONOMICS,HRM,GRH,2,0927-5371,1879-1034,1879-1034,labour-economics,Elsevier BV,https://openalex.org/S163774179,Labour Economics
"""NEW TECHNOLOGY"," WORK AND EMPLOYMENT""",HRM,GRH,2,0268-1072,1468-005X,1468-005X,Wiley,https://openalex.org/S175747132,New Technology Work and Employment
REVUE DE GESTION DES RESSOURCES HUMAINES (RGRH),HRM,GRH,2,1163-913X,2271-2186,2271-2186,revue-de-gestion-des-ressources-humaines-rgrh,,https://openalex.org/S4210214961,Revue de gestion des ressources humaines
SOCIO-ECONOMIC REVIEW,HRM,GRH,2,1475-1461,1475-147X,1475-147X,socio-economic-review,Oxford University Press,https://openalex.org/S147547362,Socio-Economic Review
"""WORK"," EMPLOYMENT AND SOCIETY""",HRM,GRH,2,0950-0170,1469-8722,1469-8722,SAGE Publishing,https://openalex.org/S60510972,Work Employment and Society
"""BUSINESS ETHICS"," THE ENVIRONMENT & RESPONSIBILITY""",HRM,GRH,3,0962-8770,1467-8608,1467-8608,Wiley,https://openalex.org/S79007945,Business Ethics A European Review
ECONOMIC AND INDUSTRIAL DEMOCRACY,HRM,GRH,3,0143-831X,1461-7099,1461-7099,economic-and-industrial-democracy,SAGE Publishing,https://openalex.org/S5195456,Economic and Industrial Democracy
EMPLOYEE RELATIONS,HRM,GRH,3,0142-5455,1758-7069,1758-7069,employee-relations,Emerald Publishing Limited,https://openalex.org/S34542846,Employee Relations
EUROPEAN JOURNAL OF INDUSTRIAL RELATIONS,HRM,GRH,3,0959-6801,1461-7129,1461-7129,european-journal-of-industrial-relations,SAGE Publishing,https://openalex.org/S630694,European Journal of Industrial Relations
EUROPEAN JOURNAL OF WORK & ORGANIZATIONAL PSYCHOLOGY,HRM,GRH,3,1359-432X,1464-0643,1464-0643,european-journal-of-work-and-organizational-psychology,Taylor & Francis,https://openalex.org/S187270080,European Journal of Work and Organizational Psychology
GROUP DECISION AND NEGOTIATION,HRM,GRH,3,0926-2644,1572-9907,1572-9907,group-decision-and-negotiation,Springer Science+Business Media,https://openalex.org/S149709236,Group Decision and Negotiation
HUMAN PERFORMANCE,HRM,GRH,3,0895-9285,1532-7043,1532-7043,human-performance,Taylor & Francis,https://openalex.org/S3835251,Human Performance
INTERNATIONAL JOURNAL OF MANPOWER,HRM,GRH,3,0143-7720,1758-6577,1758-6577,international-journal-of-manpower,Emerald Publishing Limited,https://openalex.org/S201037040,International Journal of Manpower
INTERNATIONAL JOURNAL OF SELECTION AND ASSESSMENT,HRM,GRH,3,0965-075X,1468-2389,1468-2389,international-journal-of-selection-and-assessment,Wiley,https://openalex.org/S148368070,International Journal of Selection and Assessment
INTERNATIONAL REVIEW OF ADMINISTRATIVE SCIENCES,HRM,GRH,3,0020-8523,1461-7226,1461-7226,international-review-of-administrative-sciences,SAGE Publishing,https://openalex.org/S16140064,International Review of Administrative Sciences
JOURNAL OF BUSINESS AND PSYCHOLOGY,HRM,GRH,3,0889-3268,1573-353X,1573-353X,journal-of-business-and-psychology,Springer Science+Business Media,https://openalex.org/S61413993,Journal of Business and Psychology
JOURNAL OF CAREER ASSESSMENT,HRM,GRH,3,1069-0727,1552-4590,1552-4590,journal-of-career-assessment,SAGE Publishing,https://openalex.org/S68758695,Journal of Career Assessment
JOURNAL OF ECONOMIC PSYCHOLOGY,HRM,GRH,3,0167-4870,1872-7719,1872-7719,journal-of-economic-psychology,Elsevier BV,https://openalex.org/S71968408,Journal of Economic Psychology
JOURNAL OF MANAGERIAL PSYCHOLOGY,HRM,GRH,3,0268-3946,1758-7778,1758-7778,journal-of-managerial-psychology,Emerald Publishing Limited,https://openalex.org/S53726244,Journal of Managerial Psychology
PERSONNEL REVIEW,HRM,GRH,3,0048-3486,1758-6933,1758-6933,personnel-review,Emerald Publishing Limited,https://openalex.org/S139232146,Personnel Review
RELATIONS INDUSTRIELLES,HRM,GRH,3,0034-379X,1703-8138,1703-8138,relations-industrielles,Érudit,https://openalex.org/S4210229033,Relations industrielles
WORK AND OCCUPATIONS,HRM,GRH,3,0730-8884,1552-8464,1552-8464,work-and-occupations,SAGE Publishing,https://openalex.org/S51211322,Work and Occupations
WORK AND STRESS,HRM,GRH,3,0267-8373,1464-5335,1464-5335,work-and-stress,Taylor & Francis,https://openalex.org/S141527467,Work & Stress
BUSINESS HISTORY,BUS HIST,Histoire des affaires,2,0007-6791,1743-7938,1743-7938,business-history,Taylor & Francis,https://openalex.org/S942037226,Business History
BUSINESS HISTORY REVIEW,BUS HIST,Histoire des affaires,2,0007-6805,2044-768X,2044-768X,business-history-review,Cambridge University Press,https://openalex.org/S88020226,The Business History Review
ACCOUNTING HISTORY,BUS HIST,Histoire des affaires,3,1032-3732,1749-3374,1749-3374,accounting-history,SAGE Publishing,https://openalex.org/S91781374,Accounting History
"""ACCOUNTING HISTORY REVIEW (FORMERLY: ACCOUNTING"," BUSINESS AND FINANCIAL HISTORY)""",BUS HIST,Histoire des affaires,3,2155-2851,2155-286X,2155-286X,Taylor & Francis,https://openalex.org/S2764833774,Accounting History Review
ENTERPRISE & SOCIETY,BUS HIST,Histoire des affaires,3,1467-2227,1467-2235,1467-2235,enterprise-and-society,Cambridge University Press,https://openalex.org/S16035445,Enterprise & Society
EUROPEAN JOURNAL OF THE HISTORY OF ECONOMIC THOUGHT,BUS HIST,Histoire des affaires,3,0967-2567,1469-5936,1469-5936,european-journal-of-the-history-of-economic-thought,Taylor & Francis,https://openalex.org/S105799767,European Journal of the History of Economic Thought
HISTORY OF POLITICAL ECONOMY,BUS HIST,Histoire des affaires,3,0018-2702,1527-1919,1527-1919,history-of-political-economy,Duke University Press,https://openalex.org/S83145862,History of Political Economy
ENTREPRENEURSHIP THEORY AND PRACTICE,INNOV,Innovation,1*,1042-2587,1540-6520,1540-6520,entrepreneurship-theory-and-practice,SAGE Publishing,https://openalex.org/S187626162,Entrepreneurship Theory and Practice
JOURNAL OF BUSINESS VENTURING,INNOV,Innovation,1*,0883-9026,1873-2003,1873-2003,journal-of-business-venturing,Elsevier BV,https://openalex.org/S66201313,Journal of Business Venturing
RESEARCH POLICY,INNOV,Innovation,1*,0048-7333,1873-7625,1873-7625,research-policy,Elsevier BV,https://openalex.org/S9731383,Research Policy
JOURNAL OF PRODUCT INNOVATION MANAGEMENT,INNOV,Innovation,1,0737-6782,1540-5885,1540-5885,journal-of-product-innovation-management,Wiley,https://openalex.org/S93630570,Journal of Product Innovation Management
STRATEGIC ENTREPRENEURSHIP JOURNAL,INNOV,Innovation,1,1932-4391,1932-443X,1932-443X,strategic-entrepreneurship-journal,Wiley,https://openalex.org/S31690342,Strategic Entrepreneurship Journal
ENTREPRENEURSHIP AND REGIONAL DEVELOPMENT,INNOV,Innovation,2,0898-5626,1464-5114,1464-5114,entrepreneurship-and-regional-development,Taylor & Francis,https://openalex.org/S22247924,Entrepreneurship and Regional Development
FAMILY BUSINESS REVIEW,INNOV,Innovation,2,0894-4865,1741-6248,1741-6248,family-business-review,SAGE Publishing,https://openalex.org/S196919950,Family Business Review
"""INNOVATIONS"," REVUE D'ÉCONOMIE ET DE MANAGEMENT DE L'INNOVATION""",INNOV,Innovation,2,1267-4982,1965-0256,1965-0256,De Boeck,https://openalex.org/S4210226904,Innovations
INTERNATIONAL SMALL BUSINESS JOURNAL,INNOV,Innovation,2,0266-2426,1741-2870,1741-2870,international-small-business-journal,SAGE Publishing,https://openalex.org/S107859553,International Small Business Journal Researching Entrepreneurship
JOURNAL OF SMALL BUSINESS MANAGEMENT,INNOV,Innovation,2,0047-2778,1540-627X,1540-627X,journal-of-small-business-management,Wiley,https://openalex.org/S78792899,Journal of Small Business Management
JOURNAL OF TECHNOLOGY TRANSFER,INNOV,Innovation,2,0892-9912,1573-7047,1573-7047,journal-of-technology-transfer,Springer Science+Business Media,https://openalex.org/S185905316,The Journal of Technology Transfer
R&D MANAGEMENT,INNOV,Innovation,2,0033-6807,1467-9310,1467-9310,randd-management,Wiley,https://openalex.org/S43637407,R and D Management
REVUE DE L'ENTREPRENEURIAT,INNOV,Innovation,2,1766-2524,1630-7542,1630-7542,revue-de-l-entrepreneuriat,,https://openalex.org/S4210183210,Revue de l’Entrepreneuriat
REVUE INTERNATIONALE PME (RIPME),INNOV,Innovation,2,0776-5436,1918-9699,1918-9699,revue-internationale-pme-ripme,,https://openalex.org/S4210210868,Revue internationale P M E Économie et gestion de la petite et moyenne entreprise
SMALL BUSINESS ECONOMICS,INNOV,Innovation,2,0921-898X,1573-0913,1573-0913,small-business-economics,Springer Science+Business Media,https://openalex.org/S41869786,Small Business Economics
TECHNOLOGICAL FORECASTING AND SOCIAL CHANGE,INNOV,Innovation,2,0040-1625,1873-5509,1873-5509,technological-forecasting-and-social-change,Elsevier BV,https://openalex.org/S39307421,Technological Forecasting and Social Change
TECHNOVATION,INNOV,Innovation,2,0166-4972,1879-2383,1879-2383,technovation,Elsevier BV,https://openalex.org/S70698675,Technovation
CREATIVITY AND INNOVATION MANAGEMENT,INNOV,Innovation,3,0963-1690,1467-8691,1467-8691,creativity-and-innovation-management,Wiley,https://openalex.org/S132285554,Creativity and Innovation Management
ECONOMICS OF INNOVATION AND NEW TECHNOLOGY,INNOV,Innovation,3,1043-8599,1476-8364,1476-8364,economics-of-innovation-and-new-technology,Taylor & Francis,https://openalex.org/S192056284,Economics of Innovation and New Technology
ENTREPRENEURSHIP RESEARCH JOURNAL,INNOV,Innovation,3,2157-5665,2157-5665,2157-5665,entrepreneurship-research-journal,De Gruyter,https://openalex.org/S2764465404,Entrepreneurship Research Journal
EUROPEAN JOURNAL OF INNOVATION MANAGEMENT,INNOV,Innovation,3,1460-1060,1758-7115,1758-7115,european-journal-of-innovation-management,Emerald Publishing Limited,https://openalex.org/S90149737,European Journal of Innovation Management
FUTURES,INNOV,Innovation,3,0016-3287,1873-6378,1873-6378,futures,Elsevier BV,https://openalex.org/S130638383,Futures
GROWTH AND CHANGE,INNOV,Innovation,3,0017-4815,1468-2257,1468-2257,growth-and-change,Wiley,https://openalex.org/S100141487,Growth and Change
INDUSTRY AND INNOVATION,INNOV,Innovation,3,1366-2716,1469-8390,1469-8390,industry-and-innovation,Taylor & Francis,https://openalex.org/S36209479,Industry and Innovation
"""INNOVATION: ORGANIZATION & MANAGEMENT (FORMERLY: INNOVATION: MANAGEMENT"," POLICY AND PRACTICE)""",INNOV,Innovation,3,1447-9338,2204-0226,2204-0226,Taylor & Francis,https://openalex.org/S199690760,Innovation
INTERNATIONAL ENTREPRENEURSHIP AND MANAGEMENT JOURNAL,INNOV,Innovation,3,1554-7191,1555-1938,1555-1938,international-entrepreneurship-and-management-journal,Springer Science+Business Media,https://openalex.org/S36547454,International Entrepreneurship and Management Journal
INTERNATIONAL JOURNAL OF ENTREPRENEURIAL BEHAVIOUR AND RESEARCH,INNOV,Innovation,3,1355-2554,1758-6534,1758-6534,international-journal-of-entrepreneurial-behaviour-and-research,Emerald Publishing Limited,https://openalex.org/S170231156,International Journal of Entrepreneurial Behaviour & Research
INTERNATIONAL JOURNAL OF TECHNOLOGY MANAGEMENT,INNOV,Innovation,3,0267-5730,1741-5276,1741-5276,international-journal-of-technology-management,Inderscience Publishers,https://openalex.org/S171720814,International Journal of Technology Management
JOURNAL OF ENGINEERING AND TECHNOLOGY MANAGEMENT,INNOV,Innovation,3,0923-4748,1879-1719,1879-1719,journal-of-engineering-and-technology-management,Elsevier BV,https://openalex.org/S47993699,Journal of Engineering and Technology Management
JOURNAL OF FAMILY BUSINESS STRATEGY,INNOV,Innovation,3,1877-8585,1877-8593,1877-8593,journal-of-family-business-strategy,Elsevier BV,https://openalex.org/S118119388,Journal of Family Business Strategy
JOURNAL OF INNOVATION AND KNOWLEDGE,INNOV,Innovation,3,2444-569X,2530-7614,2530-7614,journal-of-innovation-and-knowledge,Elsevier BV,https://openalex.org/S2898307581,Journal of Innovation & Knowledge
JOURNAL OF INTELLECTUAL CAPITAL,INNOV,Innovation,3,1469-1930,1758-7468,1758-7468,journal-of-intellectual-capital,Emerald Publishing Limited,https://openalex.org/S191556934,Journal of Intellectual Capital
JOURNAL OF QUALITY TECHNOLOGY,INNOV,Innovation,3,0022-4065,2575-6230,2575-6230,journal-of-quality-technology,Taylor & Francis,https://openalex.org/S166831694,Journal of Quality Technology
SCIENCE TECHNOLOGY AND HUMAN VALUES,INNOV,Innovation,3,0162-2439,1552-8251,1552-8251,science-technology-and-human-values,SAGE Publishing,https://openalex.org/S2181421,Science Technology & Human Values
SCIENTOMETRICS,INNOV,Innovation,3,0138-9130,1588-2861,1588-2861,scientometrics,Springer Nature (Netherlands),https://openalex.org/S148561398,Scientometrics
JOURNAL OF INTERNATIONAL BUSINESS STUDIES,INT,International,1*,0047-2506,1478-6990,1478-6990,journal-of-international-business-studies,Palgrave Macmillan,https://openalex.org/S38024979,Journal of International Business Studies
JOURNAL OF WORLD BUSINESS,INT,International,1,1090-9516,1878-5573,1878-5573,journal-of-world-business,Elsevier BV,https://openalex.org/S143995394,Journal of World Business
INTERNATIONAL BUSINESS REVIEW,INT,International,2,0969-5931,1873-6149,1873-6149,international-business-review,Elsevier BV,https://openalex.org/S23343376,International Business Review
JOURNAL OF INTERNATIONAL MANAGEMENT,INT,International,2,1075-4253,1873-0620,1873-0620,journal-of-international-management,Elsevier BV,https://openalex.org/S960608072,Journal of International Management
MANAGEMENT INTERNATIONAL,INT,International,2,1206-1697,1918-9222,1918-9222,management-international,,https://openalex.org/S2764449526,Management international
WORLD DEVELOPMENT,INT,International,2,0305-750X,1873-5991,1873-5991,world-development,Elsevier BV,https://openalex.org/S85457386,World Development
CRITICAL PERSPECTIVES ON INTERNATIONAL BUSINESS,INT,International,3,1742-2043,1758-6062,1758-6062,critical-perspectives-on-international-business,Emerald Publishing Limited,https://openalex.org/S45303301,Critical Perspectives on International Business
CROSS-CULTURAL MANAGEMENT: AN INTERNATIONAL JOURNAL (FORMELY: CROSS CULTURAL & STRATEGIC MANAGEMENT),INT,International,3,2059-5794,2059-5794,2059-5794,cross-cultural-management-an-international-journal-formely-cross-cultural-and-strategic-management,Emerald Publishing Limited,https://openalex.org/S4210210387,Cross Cultural & Strategic Management
JOURNAL OF DEVELOPMENT STUDIES,INT,International,3,0022-0388,1743-9140,1743-9140,journal-of-development-studies,Taylor & Francis,https://openalex.org/S61808140,The Journal of Development Studies
JOURNAL OF INDUSTRIAL ECONOMICS,INT,International,3,0022-1821,1467-6451,1467-6451,journal-of-industrial-economics,Wiley,https://openalex.org/S99067594,Journal of Industrial Economics
MANAGEMENT INTERNATIONAL REVIEW,INT,International,3,0938-8249,1861-8901,1861-8901,management-international-review,Springer Science+Business Media,https://openalex.org/S128478731,Management International Review
MULTINATIONAL BUSINESS REVIEW,INT,International,3,1525-383X,2054-1686,2054-1686,multinational-business-review,Emerald Publishing Limited,https://openalex.org/S2764892107,Multinational Business Review
THUNDERBIRD INTERNATIONAL BUSINESS REVIEW,INT,International,3,1096-4762,1520-6874,1520-6874,thunderbird-international-business-review,Wiley,https://openalex.org/S49396926,Thunderbird International Business Review
WORLD BANK ECONOMIC REVIEW,INT,International,3,0258-6770,1564-698X,1564-698X,world-bank-economic-review,Oxford University Press,https://openalex.org/S2735890421,The World Bank Economic Review
JOURNAL OF OPERATIONS MANAGEMENT,LOG,Logistique,1*,0272-6963,1873-1317,1873-1317,journal-of-operations-management,Wiley,https://openalex.org/S142306484,Journal of Operations Management
INTERNATIONAL JOURNAL OF OPERATIONS AND PRODUCTION MANAGEMENT,LOG,Logistique,1,0144-3577,1758-6593,1758-6593,international-journal-of-operations-and-production-management,Emerald Publishing Limited,https://openalex.org/S164321952,International Journal of Operations & Production Management
JOURNAL OF SUPPLY CHAIN MANAGEMENT,LOG,Logistique,1,1523-2409,1745-493X,1745-493X,journal-of-supply-chain-management,Wiley,https://openalex.org/S97320426,Journal of Supply Chain Management
MANUFACTURING AND SERVICE OPERATIONS MANAGEMENT,LOG,Logistique,1,1523-4614,1526-5498,1526-5498,manufacturing-and-service-operations-management,Institute for Operations Research and the Management Sciences,https://openalex.org/S81410195,Manufacturing & Service Operations Management
PRODUCTION AND OPERATIONS MANAGEMENT,LOG,Logistique,1,1059-1478,1937-5956,1937-5956,production-and-operations-management,Wiley,https://openalex.org/S149070780,Production and Operations Management
TRANSPORTATION RESEARCH PART E: LOGISTICS AND TRANSPORTATION REVIEW,LOG,Logistique,1,1366-5545,1878-5794,1878-5794,transportation-research-part-e-logistics-and-transportation-review,Elsevier BV,https://openalex.org/S173966628,Transportation Research Part E Logistics and Transportation Review
INTERNATIONAL JOURNAL OF PHYSICAL DISTRIBUTION AND LOGISTICS MANAGEMENT,LOG,Logistique,2,0960-0035,1758-664X,1758-664X,international-journal-of-physical-distribution-and-logistics-management,Emerald Publishing Limited,https://openalex.org/S41302103,International Journal of Physical Distribution & Logistics Management
INTERNATIONAL JOURNAL OF PRODUCTION ECONOMICS,LOG,Logistique,2,0925-5273,1873-7579,1873-7579,international-journal-of-production-economics,Elsevier BV,https://openalex.org/S184816971,International Journal of Production Economics
INTERNATIONAL JOURNAL OF PRODUCTION RESEARCH,LOG,Logistique,2,0020-7543,1366-588X,1366-588X,international-journal-of-production-research,Taylor & Francis,https://openalex.org/S65690446,International Journal of Production Research
INTERNATIONAL JOURNAL OF PROJECT MANAGEMENT,LOG,Logistique,2,0263-7863,1873-4634,1873-4634,international-journal-of-project-management,Elsevier BV,https://openalex.org/S69872077,International Journal of Project Management
JOURNAL OF BUSINESS LOGISTICS,LOG,Logistique,2,0735-3766,2158-1592,2158-1592,journal-of-business-logistics,Wiley,https://openalex.org/S38350834,Journal of Business Logistics
JOURNAL OF PURCHASING AND SUPPLY MANAGEMENT,LOG,Logistique,2,1478-4092,1873-6505,1873-6505,journal-of-purchasing-and-supply-management,Elsevier BV,https://openalex.org/S55239356,Journal of Purchasing and Supply Management
PRODUCTION PLANNING AND CONTROL,LOG,Logistique,2,0953-7287,1366-5871,1366-5871,production-planning-and-control,Taylor & Francis,https://openalex.org/S165057322,Production Planning & Control
SUPPLY CHAIN MANAGEMENT: AN INTERNATIONAL JOURNAL,LOG,Logistique,2,1359-8546,1758-6852,1758-6852,supply-chain-management-an-international-journal,Emerald Publishing Limited,https://openalex.org/S59007373,Supply Chain Management An International Journal
INTERNATIONAL JOURNAL OF LOGISTICS: RESEARCH AND APPLICATIONS,LOG,Logistique,3,1367-5567,1469-848X,1469-848X,international-journal-of-logistics-research-and-applications,Taylor & Francis,https://openalex.org/S4210220312,International Journal of Logistics Research and Applications
JOURNAL OF CLEANER PRODUCTION,LOG,Logistique,3,0959-6526,1879-1786,1879-1786,journal-of-cleaner-production,Elsevier BV,https://openalex.org/S58516903,Journal of Cleaner Production
LOGISTIQUE ET MANAGEMENT,LOG,Logistique,3,1250-7970,2377-9640,2377-9640,logistique-et-management,Taylor & Francis,https://openalex.org/S4210228953,Logistique & Management
SUPPLY CHAIN FORUM : AN INTERNATIONAL JOURNAL,LOG,Logistique,3,1625-8312,1624-6039,1624-6039,supply-chain-forum-an-international-journal,Taylor & Francis,https://openalex.org/S4210188437,Supply Chain Forum an International Journal
THE INTERNATIONAL JOURNAL OF LOGISTICS MANAGEMENT,LOG,Logistique,3,0957-4093,1758-6550,1758-6550,the-international-journal-of-logistics-management,Emerald Publishing Limited,https://openalex.org/S97048498,The International Journal of Logistics Management
ACADEMY OF MANAGEMENT JOURNAL,GEN MAN,Management général,1*,0001-4273,1948-0989,1948-0989,academy-of-management-journal,Academy of Management,https://openalex.org/S117778295,Academy of Management Journal
ACADEMY OF MANAGEMENT REVIEW,GEN MAN,Management général,1*,0363-7425,1930-3807,1930-3807,academy-of-management-review,Academy of Management,https://openalex.org/S46763546,Academy of Management Review
JOURNAL OF POLITICAL ECONOMY,GEN MAN,Management général,1*,0022-3808,1537-534X,1537-534X,journal-of-political-economy,University of Chicago Press,https://openalex.org/S95323914,Journal of Political Economy
MANAGEMENT SCIENCE,GEN MAN,Management général,1*,0025-1909,1526-5501,1526-5501,management-science,Institute for Operations Research and the Management Sciences,https://openalex.org/S33323087,Management Science
OPERATIONS RESEARCH,GEN MAN,Management général,1*,0030-364X,1526-5463,1526-5463,operations-research,Institute for Operations Research and the Management Sciences,https://openalex.org/S125775545,Operations Research
ACADEMY OF MANAGEMENT ANNALS,GEN MAN,Management général,1,1941-6067,1941-6520,1941-6520,academy-of-management-annals,Routledge,https://openalex.org/S27614628,Academy of Management Annals
EUROPEAN JOURNAL OF OPERATIONAL RESEARCH,GEN MAN,Management général,1,0377-2217,1872-6860,1872-6860,european-journal-of-operational-research,Elsevier BV,https://openalex.org/S103321696,European Journal of Operational Research
JOURNAL OF BUSINESS ETHICS,GEN MAN,Management général,1,0167-4544,1573-0697,1573-0697,journal-of-business-ethics,Springer Science+Business Media,https://openalex.org/S76633192,Journal of Business Ethics
JOURNAL OF MANAGEMENT,GEN MAN,Management général,1,0149-2063,1557-1211,1557-1211,journal-of-management,SAGE Publishing,https://openalex.org/S122767448,Journal of Management
JOURNAL OF MANAGEMENT STUDIES,GEN MAN,Management général,1,0022-2380,1467-6486,1467-6486,journal-of-management-studies,Wiley,https://openalex.org/S151705444,Journal of Management Studies
RAND JOURNAL OF ECONOMICS,GEN MAN,Management général,1,0741-6261,1756-2171,1756-2171,rand-journal-of-economics,Wiley,https://openalex.org/S34139249,The RAND Journal of Economics
ACADEMY OF MANAGEMENT PERSPECTIVES,GEN MAN,Management général,2,1558-9080,1558-9080,1558-9080,academy-of-management-perspectives,Academy of Management,https://openalex.org/S33741590,Academy of Management Perspectives
ANNALS OF OPERATIONS RESEARCH,GEN MAN,Management général,2,0254-5330,1572-9338,1572-9338,annals-of-operations-research,Springer Science+Business Media,https://openalex.org/S57667410,Annals of Operations Research
BRITISH JOURNAL OF MANAGEMENT,GEN MAN,Management général,2,1045-3172,1467-8551,1467-8551,british-journal-of-management,Wiley,https://openalex.org/S184126201,British Journal of Management
CALIFORNIA MANAGEMENT REVIEW,GEN MAN,Management général,2,0008-1256,2162-8564,2162-8564,california-management-review,SAGE Publishing,https://openalex.org/S172782825,California Management Review
EUROPEAN MANAGEMENT REVIEW,GEN MAN,Management général,2,1740-4754,1740-4762,1740-4762,european-management-review,Wiley,https://openalex.org/S172313144,European Management Review
HARVARD BUSINESS REVIEW,GEN MAN,Management général,2,0017-8012,0017-8012,0017-8012,harvard-business-review,Harvard Business Publishing,https://openalex.org/S41416626,Harvard business review
INDUSTRIAL AND CORPORATE CHANGE,GEN MAN,Management général,2,0960-6491,1464-3650,1464-3650,industrial-and-corporate-change,Oxford University Press,https://openalex.org/S145507837,Industrial and Corporate Change
INTERNATIONAL JOURNAL OF MANAGEMENT REVIEWS,GEN MAN,Management général,2,1460-8545,1468-2370,1468-2370,international-journal-of-management-reviews,Wiley,https://openalex.org/S87745625,International Journal of Management Reviews
JOURNAL OF ECONOMIC DYNAMICS AND CONTROL,GEN MAN,Management général,2,0165-1889,1879-1743,1879-1743,journal-of-economic-dynamics-and-control,Elsevier BV,https://openalex.org/S44585919,Journal of Economic Dynamics and Control
JOURNAL OF LAW AND ECONOMICS,GEN MAN,Management général,2,0022-2186,1537-5285,1537-5285,journal-of-law-and-economics,University of Chicago Press,https://openalex.org/S998097505,The Journal of Law and Economics
"""JOURNAL OF LAW", ECONOMICS," AND ORGANIZATION""",GEN MAN,Management général,2,1465-7341,8756-6222,,,
JOURNAL OF MANAGEMENT INQUIRY,GEN MAN,Management général,2,1056-4926,1552-6542,1552-6542,journal-of-management-inquiry,SAGE Publishing,https://openalex.org/S17986141,Journal of Management Inquiry
JOURNAL OF THE OPERATIONAL RESEARCH SOCIETY,GEN MAN,Management général,2,0160-5682,1476-9360,1476-9360,journal-of-the-operational-research-society,Palgrave Macmillan,https://openalex.org/S169988927,Journal of the Operational Research Society
MIT SLOAN MANAGEMENT REVIEW,GEN MAN,Management général,2,1532-9194,1532-9194,1532-9194,mit-sloan-management-review,Massachusetts Institute of Technology,https://openalex.org/S196034224,MIT Sloan Management Review
OMEGA: THE INTERNATIONAL JOURNAL OF MANAGEMENT SCIENCE,GEN MAN,Management général,2,0305-0483,1873-5274,1873-5274,omega-the-international-journal-of-management-science,Elsevier BV,https://openalex.org/S4210190151,Omega
REVUE CANADIENNE DES SCIENCES DE L'ADMINISTRATION (CJAS),GEN MAN,Management général,2,0825-0383,1936-4490,1936-4490,revue-canadienne-des-sciences-de-l-administration-cjas,Wiley,https://openalex.org/S201675752,Canadian Journal of Administrative Sciences / Revue Canadienne des Sciences de l Administration
REVUE FRANÇAISE DE GESTION,GEN MAN,Management général,2,0338-4551,1777-5663,1777-5663,revue-francaise-de-gestion,Lavoisier publishing,https://openalex.org/S4210225646,Revue française de gestion
ACADEMY OF MANAGEMENT DISCOVERIES,GEN MAN,Management général,3,2168-1007,2168-1007,2168-1007,academy-of-management-discoveries,Academy of Management,https://openalex.org/S4210202650,Academy of Management Discoveries
ASIA PACIFIC JOURNAL OF MANAGEMENT,GEN MAN,Management général,3,0217-4561,1572-9958,1572-9958,asia-pacific-journal-of-management,Springer Science+Business Media,https://openalex.org/S107036887,Asia Pacific Journal of Management
BUSINESS HORIZONS,GEN MAN,Management général,3,0007-6813,1873-6068,1873-6068,business-horizons,Elsevier BV,https://openalex.org/S113237667,Business Horizons
COMPETITION AND CHANGE,GEN MAN,Management général,3,1024-5294,1477-2221,1477-2221,competition-and-change,SAGE Publishing,https://openalex.org/S187200255,Competition & Change
CORPORATE GOVERNANCE: AN INTERNATIONAL REVIEW,GEN MAN,Management général,3,0964-8410,1467-8683,1467-8683,corporate-governance-an-international-review,Wiley,https://openalex.org/S77308338,Corporate Governance An International Review
CORPORATE SOCIAL RESPONSIBILITY AND ENVIRONMENTAL MANAGEMENT,GEN MAN,Management général,3,1535-3958,1535-3966,1535-3966,corporate-social-responsibility-and-environmental-management,Wiley,https://openalex.org/S12818680,Corporate Social Responsibility and Environmental Management
ECONOMICA,GEN MAN,Management général,3,0013-0427,1468-0335,1468-0335,economica,Wiley,https://openalex.org/S108845946,Economica
EUROPEAN BUSINESS REVIEW,GEN MAN,Management général,3,0955-534X,1758-7107,1758-7107,european-business-review,Emerald Publishing Limited,https://openalex.org/S94775995,European Business Review
EUROPEAN MANAGEMENT JOURNAL,GEN MAN,Management général,3,0263-2373,1873-5681,1873-5681,european-management-journal,Elsevier BV,https://openalex.org/S105567970,European Management Journal
INFORMS JOURNAL ON APPLIED ANALYTICS,GEN MAN,Management général,3,0092-2102,1526-551X,1526-551X,informs-journal-on-applied-analytics,Institute for Operations Research and the Management Sciences,https://openalex.org/S140455145,INFORMS Journal on Applied Analytics
JOURNAL OF PRODUCTIVITY ANALYSIS,GEN MAN,Management général,3,0895-562X,1573-0441,1573-0441,journal-of-productivity-analysis,Springer Science+Business Media,https://openalex.org/S34280410,Journal of Productivity Analysis
JOURNAL OF SERVICE MANAGEMENT,GEN MAN,Management général,3,1757-5818,1757-5826,1757-5826,journal-of-service-management,Emerald Publishing Limited,https://openalex.org/S107183665,Journal of service management
MANAGEMENT & PROSPECTIVE (GESTION 2000),GEN MAN,Management général,3,0773-0543,2406-4734,2406-4734,management-and-prospective-gestion-2000,,https://openalex.org/S4210200126,Gestion 2000
MANAGEMENT DECISION,GEN MAN,Management général,3,0025-1747,1758-6070,1758-6070,management-decision,Emerald Publishing Limited,https://openalex.org/S154010748,Management Decision
MANAGERIAL AND DECISION ECONOMICS,GEN MAN,Management général,3,0143-6570,1099-1468,1099-1468,managerial-and-decision-economics,Wiley,https://openalex.org/S138400101,Managerial and Decision Economics
RECHERCHES EN SCIENCES DE GESTION - MANAGEMENT SCIENCES - CIENCIAS DE GESTION,GEN MAN,Management général,3,2259-6372,2271-2836,2271-2836,recherches-en-sciences-de-gestion-management-sciences-ciencias-de-gestion,,https://openalex.org/S4210185306,Recherches en Sciences de Gestion
RESEARCH-TECHNOLOGY MANAGEMENT,GEN MAN,Management général,3,0895-6308,1930-0166,1930-0166,research-technology-management,Taylor & Francis,https://openalex.org/S152897404,Research-Technology Management
REVIEW OF MANAGERIAL SCIENCE,GEN MAN,Management général,3,1863-6683,1863-6691,1863-6691,review-of-managerial-science,Springer Science+Business Media,https://openalex.org/S203071086,Review of Managerial Science
SCANDINAVIAN JOURNAL OF MANAGEMENT,GEN MAN,Management général,3,0956-5221,1873-3387,1873-3387,scandinavian-journal-of-management,Elsevier BV,https://openalex.org/S171971387,Scandinavian Journal of Management
THE JOURNAL OF APPLIED BEHAVIORAL SCIENCE,GEN MAN,Management général,3,0021-8863,1552-6879,1552-6879,the-journal-of-applied-behavioral-science,SAGE Publishing,https://openalex.org/S168717511,The Journal of Applied Behavioral Science
JOURNAL OF PUBLIC ECONOMICS,PUB MAN,Management public,1,0047-2727,0047-2727,0047-2727,journal-of-public-economics,Elsevier BV,https://openalex.org/S199447588,Journal of Public Economics
PUBLIC ADMINISTRATION REVIEW,PUB MAN,Management public,1,0033-3352,1540-6210,1540-6210,public-administration-review,Wiley,https://openalex.org/S76877748,Public Administration Review
GOVERNANCE,PUB MAN,Management public,2,0952-1895,1468-0491,1468-0491,governance,Wiley,https://openalex.org/S62375027,Governance
JOURNAL OF ACCOUNTING AND PUBLIC POLICY,PUB MAN,Management public,2,0278-4254,1873-2070,1873-2070,journal-of-accounting-and-public-policy,Elsevier BV,https://openalex.org/S86762183,Journal of Accounting and Public Policy
JOURNAL OF EUROPEAN PUBLIC POLICY,PUB MAN,Management public,2,1350-1763,1466-4429,1466-4429,journal-of-european-public-policy,Routledge,https://openalex.org/S22371039,Journal of European Public Policy
JOURNAL OF PUBLIC ADMINISTRATION RESEARCH AND THEORY,PUB MAN,Management public,2,1053-1858,1477-9803,1477-9803,journal-of-public-administration-research-and-theory,Oxford University Press,https://openalex.org/S169433491,Journal of Public Administration Research and Theory
PUBLIC ADMINISTRATION: AN INTERNATIONAL QUARTERLY,PUB MAN,Management public,2,0033-3298,1467-9299,1467-9299,public-administration-an-international-quarterly,Wiley,https://openalex.org/S201221823,Public Administration
PUBLIC MANAGEMENT REVIEW,PUB MAN,Management public,2,1471-9037,1471-9045,1471-9045,public-management-review,Taylor & Francis,https://openalex.org/S37623806,Public Management Review
ADMINISTRATION AND SOCIETY,PUB MAN,Management public,3,0095-3997,1552-3039,1552-3039,administration-and-society,SAGE Publishing,https://openalex.org/S5465880,Administration & Society
AMERICAN REVIEW OF PUBLIC ADMINISTRATION,PUB MAN,Management public,3,0275-0740,1552-3357,1552-3357,american-review-of-public-administration,SAGE Publishing,https://openalex.org/S106702950,The American Review of Public Administration
"""EVALUATION: THE INTERNATIONAL JOURNAL OF THEORY"," RESEARCH AND PRACTICE""",PUB MAN,Management public,3,1356-3890,1461-7153,1461-7153,SAGE Publishing,https://openalex.org/S13632289,Evaluation
GESTION ET MANAGEMENT PUBLIC,PUB MAN,Management public,3,,2116-8865,2116-8865,gestion-et-management-public,,https://openalex.org/S4210186181,Gestion et management public
INTERNATIONAL JOURNAL OF PUBLIC ADMINISTRATION,PUB MAN,Management public,3,0190-0692,1532-4265,1532-4265,international-journal-of-public-administration,Taylor & Francis,https://openalex.org/S39541053,International Journal of Public Administration
INTERNATIONAL JOURNAL OF URBAN AND REGIONAL RESEARCH,PUB MAN,Management public,3,0309-1317,1468-2427,1468-2427,international-journal-of-urban-and-regional-research,Wiley,https://openalex.org/S118082279,International Journal of Urban and Regional Research
INTERNATIONAL STUDIES OF MANAGEMENT AND ORGANIZATION,PUB MAN,Management public,3,0020-8825,1558-0911,1558-0911,international-studies-of-management-and-organization,Taylor & Francis,https://openalex.org/S55766468,International Studies of Management and Organization
JOURNAL OF POLICY ANALYSIS AND MANAGEMENT,PUB MAN,Management public,3,0276-8739,1520-6688,1520-6688,journal-of-policy-analysis-and-management,Wiley,https://openalex.org/S25370267,Journal of Policy Analysis and Management
LOCAL GOVERNMENT STUDIES,PUB MAN,Management public,3,0300-3930,1743-9388,1743-9388,local-government-studies,Taylor & Francis,https://openalex.org/S171234518,Local Government Studies
POLICY AND POLITICS,PUB MAN,Management public,3,0305-5736,1470-8442,1470-8442,policy-and-politics,Policy Press,https://openalex.org/S17167983,Policy & Politics
PUBLIC ADMINISTRATION AND DEVELOPMENT,PUB MAN,Management public,3,0271-2075,1099-162X,1099-162X,public-administration-and-development,Wiley,https://openalex.org/S189395249,Public Administration and Development
PUBLIC MONEY AND MANAGEMENT,PUB MAN,Management public,3,0954-0962,1467-9302,1467-9302,public-money-and-management,Taylor & Francis,https://openalex.org/S87681011,Public Money & Management
JOURNAL OF CONSUMER RESEARCH,MKG,Marketing,1*,0093-5301,1537-5277,1537-5277,journal-of-consumer-research,Oxford University Press,https://openalex.org/S145429826,Journal of Consumer Research
JOURNAL OF MARKETING,MKG,Marketing,1*,0022-2429,1547-7185,1547-7185,journal-of-marketing,SAGE Publishing,https://openalex.org/S142990027,Journal of Marketing
JOURNAL OF MARKETING RESEARCH,MKG,Marketing,1*,0022-2437,1547-7193,1547-7193,journal-of-marketing-research,SAGE Publishing,https://openalex.org/S119950638,Journal of Marketing Research
MARKETING SCIENCE,MKG,Marketing,1*,0732-2399,1526-548X,1526-548X,marketing-science,Institute for Operations Research and the Management Sciences,https://openalex.org/S163534328,Marketing Science
INTERNATIONAL JOURNAL OF RESEARCH IN MARKETING,MKG,Marketing,1,0167-8116,1873-8001,1873-8001,international-journal-of-research-in-marketing,Elsevier BV,https://openalex.org/S11810700,International Journal of Research in Marketing
JOURNAL OF CONSUMER PSYCHOLOGY,MKG,Marketing,1,1057-7408,1532-7663,1532-7663,journal-of-consumer-psychology,Elsevier BV,https://openalex.org/S163545350,Journal of Consumer Psychology
JOURNAL OF RETAILING,MKG,Marketing,1,0022-4359,1873-3271,1873-3271,journal-of-retailing,Elsevier BV,https://openalex.org/S159120381,Journal of Retailing
JOURNAL OF SERVICE RESEARCH,MKG,Marketing,1,1094-6705,1552-7379,1552-7379,journal-of-service-research,SAGE Publishing,https://openalex.org/S125608309,Journal of Service Research
JOURNAL OF THE ACADEMY OF MARKETING SCIENCE,MKG,Marketing,1,0092-0703,1552-7824,1552-7824,journal-of-the-academy-of-marketing-science,Springer Science+Business Media,https://openalex.org/S92522684,Journal of the Academy of Marketing Science
EUROPEAN JOURNAL OF MARKETING,MKG,Marketing,2,0309-0566,1758-7123,1758-7123,european-journal-of-marketing,Emerald Publishing Limited,https://openalex.org/S89389284,European Journal of Marketing
INDUSTRIAL MARKETING MANAGEMENT,MKG,Marketing,2,0019-8501,1873-2062,1873-2062,industrial-marketing-management,Elsevier BV,https://openalex.org/S31748134,Industrial Marketing Management
INTERNATIONAL MARKETING REVIEW,MKG,Marketing,2,0265-1335,1758-6763,1758-6763,international-marketing-review,Emerald Publishing Limited,https://openalex.org/S35673206,International Marketing Review
JOURNAL OF ADVERTISING,MKG,Marketing,2,0091-3367,1557-7805,1557-7805,journal-of-advertising,Taylor & Francis,https://openalex.org/S103311983,Journal of Advertising
JOURNAL OF ADVERTISING RESEARCH,MKG,Marketing,2,0021-8499,1740-1909,1740-1909,journal-of-advertising-research,Advertising Research Foundation,https://openalex.org/S61992289,Journal of Advertising Research
JOURNAL OF BUSINESS RESEARCH,MKG,Marketing,2,0148-2963,1873-7978,1873-7978,journal-of-business-research,Elsevier BV,https://openalex.org/S93284759,Journal of Business Research
JOURNAL OF INTERACTIVE MARKETING,MKG,Marketing,2,1094-9968,1520-6653,1520-6653,journal-of-interactive-marketing,SAGE Publishing,https://openalex.org/S92709572,Journal of Interactive Marketing
JOURNAL OF INTERNATIONAL MARKETING,MKG,Marketing,2,1069-031X,1547-7215,1547-7215,journal-of-international-marketing,SAGE Publishing,https://openalex.org/S119908498,Journal of International Marketing
JOURNAL OF PERSONALITY AND SOCIAL PSYCHOLOGY,MKG,Marketing,2,0022-3514,1939-1315,1939-1315,journal-of-personality-and-social-psychology,American Psychological Association,https://openalex.org/S29984966,Journal of Personality and Social Psychology
JOURNAL OF PUBLIC POLICY AND MARKETING,MKG,Marketing,2,0743-9156,1547-7207,1547-7207,journal-of-public-policy-and-marketing,SAGE Publishing,https://openalex.org/S37376905,Journal of Public Policy & Marketing
MARKETING LETTERS,MKG,Marketing,2,0923-0645,1573-059X,1573-059X,marketing-letters,Springer Science+Business Media,https://openalex.org/S148909191,Marketing Letters
PSYCHOLOGICAL SCIENCE,MKG,Marketing,2,0956-7976,1467-9280,1467-9280,psychological-science,SAGE Publishing,https://openalex.org/S58854535,Psychological Science
PSYCHOLOGY AND MARKETING,MKG,Marketing,2,0742-6046,1520-6793,1520-6793,psychology-and-marketing,Wiley,https://openalex.org/S102896891,Psychology and Marketing
QUANTITATIVE MARKETING AND ECONOMICS,MKG,Marketing,2,1570-7156,1573-711X,1573-711X,quantitative-marketing-and-economics,Springer Science+Business Media,https://openalex.org/S4210206015,Quantitative Marketing and Economics
RECHERCHE ET APPLICATIONS EN MARKETING,MKG,Marketing,2,0767-3701,2051-2821,2051-2821,recherche-et-applications-en-marketing,SAGE Publishing,https://openalex.org/S4210175448,Recherche et Applications en Marketing (French Edition)
"""CONSUMPTION"," MARKETS AND CULTURE""",MKG,Marketing,3,1025-3866,1477-223X,1477-223X,Taylor & Francis,https://openalex.org/S189738091,Consumption Markets & Culture
DÉCISIONS MARKETING,MKG,Marketing,3,0779-7389,2269-8469,2269-8469,decisions-marketing,,https://openalex.org/S4210174900,Décisions Marketing
FOOD POLICY,MKG,Marketing,3,0306-9192,1873-5657,1873-5657,food-policy,Elsevier BV,https://openalex.org/S63571384,Food Policy
INTERNATIONAL JOURNAL OF ADVERTISING,MKG,Marketing,3,0265-0487,1759-3948,1759-3948,international-journal-of-advertising,Taylor & Francis,https://openalex.org/S19358283,International Journal of Advertising
INTERNATIONAL JOURNAL OF CONSUMER STUDIES,MKG,Marketing,3,1470-6423,1470-6431,1470-6431,international-journal-of-consumer-studies,Wiley,https://openalex.org/S173807628,International Journal of Consumer Studies
INTERNATIONAL JOURNAL OF MARKET RESEARCH,MKG,Marketing,3,1470-7853,2515-2173,2515-2173,international-journal-of-market-research,SAGE Publishing,https://openalex.org/S162526994,International Journal of Market Research
INTERNATIONAL JOURNAL OF RETAIL AND DISTRIBUTION MANAGEMENT,MKG,Marketing,3,0959-0552,1758-6690,1758-6690,international-journal-of-retail-and-distribution-management,Emerald Publishing Limited,https://openalex.org/S65353606,International Journal of Retail & Distribution Management
JOURNAL OF BRAND MANAGEMENT,MKG,Marketing,3,1350-231X,1479-1803,1479-1803,journal-of-brand-management,Palgrave Macmillan,https://openalex.org/S27632631,Journal of Brand Management
JOURNAL OF BUSINESS & INDUSTRIAL MARKETING,MKG,Marketing,3,0885-8624,2052-1189,2052-1189,journal-of-business-and-industrial-marketing,Emerald Publishing Limited,https://openalex.org/S119587767,Journal of Business and Industrial Marketing
JOURNAL OF CONSUMER AFFAIRS,MKG,Marketing,3,0022-0078,1745-6606,1745-6606,journal-of-consumer-affairs,Wiley,https://openalex.org/S189751245,Journal of Consumer Affairs
JOURNAL OF CONSUMER BEHAVIOUR,MKG,Marketing,3,1472-0817,1479-1838,1479-1838,journal-of-consumer-behaviour,Wiley,https://openalex.org/S41958068,Journal of Consumer Behaviour
JOURNAL OF EXPERIMENTAL SOCIAL PSYCHOLOGY,MKG,Marketing,3,0022-1031,1096-0465,1096-0465,journal-of-experimental-social-psychology,Elsevier BV,https://openalex.org/S12410666,Journal of Experimental Social Psychology
JOURNAL OF MACROMARKETING,MKG,Marketing,3,0276-1467,1552-6534,1552-6534,journal-of-macromarketing,SAGE Publishing,https://openalex.org/S35298862,Journal of Macromarketing
JOURNAL OF MARKETING MANAGEMENT,MKG,Marketing,3,0267-257X,1472-1376,1472-1376,journal-of-marketing-management,Taylor & Francis,https://openalex.org/S14291815,Journal of Marketing Management
JOURNAL OF PERSONAL SELLING AND SALES MANAGEMENT,MKG,Marketing,3,0885-3134,1557-7813,1557-7813,journal-of-personal-selling-and-sales-management,Taylor & Francis,https://openalex.org/S968139600,Journal of Personal Selling and Sales Management
JOURNAL OF RETAILING AND CONSUMER SERVICES,MKG,Marketing,3,0969-6989,1873-1384,1873-1384,journal-of-retailing-and-consumer-services,Elsevier BV,https://openalex.org/S25235501,Journal of Retailing and Consumer Services
JOURNAL OF SERVICES MARKETING,MKG,Marketing,3,0887-6045,0887-6045,0887-6045,journal-of-services-marketing,Emerald Publishing Limited,https://openalex.org/S180851279,Journal of Services Marketing
JUDGMENT AND DECISION MAKING,MKG,Marketing,3,1930-2975,1930-2975,1930-2975,judgment-and-decision-making,Cambridge University Press,https://openalex.org/S179575189,Judgment and Decision Making
MARKETING THEORY,MKG,Marketing,3,1470-5931,1741-301X,1741-301X,marketing-theory,SAGE Publishing,https://openalex.org/S195188575,Marketing Theory
SOCIAL SCIENCE AND MEDICINE,HLTH,Santé,1,0277-9536,1873-5347,1873-5347,social-science-and-medicine,Elsevier BV,https://openalex.org/S106822843,Social Science & Medicine
HEALTH AFFAIRS,HLTH,Santé,2,0278-2715,1544-5208,1544-5208,health-affairs,Project HOPE,https://openalex.org/S4210185023,Health Affairs
HEALTH ECONOMICS,HLTH,Santé,2,1057-9230,1099-1050,1099-1050,health-economics,Wiley,https://openalex.org/S145200904,Health Economics
HEALTH POLICY,HLTH,Santé,2,0168-8510,1872-6054,1872-6054,health-policy,Elsevier BV,https://openalex.org/S4210209709,Health Policy
HEALTH SERVICES RESEARCH,HLTH,Santé,2,0017-9124,1475-6773,1475-6773,health-services-research,Wiley,https://openalex.org/S2228914,Health Services Research
BMJ QUALITY AND SAFETY (ORIGINAL RESEARCH),HLTH,Santé,3,2044-5415,2044-5423,2044-5423,bmj-quality-and-safety-original-research,BMJ,https://openalex.org/S152101599,BMJ Quality & Safety
EUROPEAN JOURNAL OF HEALTH ECONOMICS,HLTH,Santé,3,1618-7598,1618-7601,1618-7601,european-journal-of-health-economics,Springer Science+Business Media,https://openalex.org/S16530434,The European Journal of Health Economics
HEALTH CARE MANAGEMENT REVIEW,HLTH,Santé,3,0361-6274,1550-5030,1550-5030,health-care-management-review,Lippincott Williams & Wilkins,https://openalex.org/S160034077,Health Care Management Review
HEALTH CARE MANAGEMENT SCIENCE,HLTH,Santé,3,1386-9620,1572-9389,1572-9389,health-care-management-science,Springer Science+Business Media,https://openalex.org/S59475652,Health Care Management Science
INTERNATIONAL JOURNAL OF HEALTH ECONOMICS AND MANAGEMENT,HLTH,Santé,3,2199-9023,2199-9031,2199-9031,international-journal-of-health-economics-and-management,Springer Science+Business Media,https://openalex.org/S4210173643,International Journal of Health Economics and Management
JOURNAL OF HEALTH SERVICES RESEARCH AND POLICY,HLTH,Santé,3,1355-8196,1758-1060,1758-1060,journal-of-health-services-research-and-policy,SAGE Publishing,https://openalex.org/S84175031,Journal of Health Services Research & Policy
MEDICAL CARE,HLTH,Santé,3,0025-7079,1537-1948,1537-1948,medical-care,Lippincott Williams & Wilkins,https://openalex.org/S79233773,Medical Care
MEDICAL DECISION MAKING,HLTH,Santé,3,0272-989X,1552-681X,1552-681X,medical-decision-making,SAGE Publishing,https://openalex.org/S103359281,Medical Decision Making
QUALITY OF LIFE RESEARCH,HLTH,Santé,3,0962-9343,1573-2649,1573-2649,quality-of-life-research,Springer Science+Business Media,https://openalex.org/S90347677,Quality of Life Research
THE MILBANK QUARTERLY,HLTH,Santé,3,0887-378X,1468-0009,1468-0009,the-milbank-quarterly,Wiley,https://openalex.org/S1650206,Milbank Quarterly
TOURISM MANAGEMENT,SECTOR,Sectoriel,1,0261-5177,1879-3193,1879-3193,tourism-management,Elsevier BV,https://openalex.org/S6814119,Tourism Management
TRANSPORTATION RESEARCH B: METHODOLOGICAL,SECTOR,Sectoriel,1,0191-2615,1879-2367,1879-2367,transportation-research-b-methodological,Elsevier BV,https://openalex.org/S96305778,Transportation Research Part B Methodological
ANNALS OF TOURISM RESEARCH,SECTOR,Sectoriel,2,0160-7383,1873-7722,1873-7722,annals-of-tourism-research,Elsevier BV,https://openalex.org/S51885707,Annals of Tourism Research
ENERGY ECONOMICS,SECTOR,Sectoriel,2,0140-9883,1873-6181,1873-6181,energy-economics,Elsevier BV,https://openalex.org/S94499970,Energy Economics
ENERGY JOURNAL,SECTOR,Sectoriel,2,0195-6574,1944-9089,1944-9089,energy-journal,SAGE Publishing,https://openalex.org/S102805530,The Energy Journal
ENERGY POLICY,SECTOR,Sectoriel,2,0301-4215,1873-6777,1873-6777,energy-policy,Elsevier BV,https://openalex.org/S175056054,Energy Policy
ENVIRONMENT AND PLANNING A,SECTOR,Sectoriel,2,0308-518X,1472-3409,1472-3409,environment-and-planning-a,SAGE Publishing,https://openalex.org/S87933477,Environment and Planning A Economy and Space
JOURNAL OF TRAVEL RESEARCH,SECTOR,Sectoriel,2,0047-2875,1552-6763,1552-6763,journal-of-travel-research,SAGE Publishing,https://openalex.org/S157485431,Journal of Travel Research
NONPROFIT AND VOLUNTARY SECTOR QUARTERLY,SECTOR,Sectoriel,2,0899-7640,1552-7395,1552-7395,nonprofit-and-voluntary-sector-quarterly,SAGE Publishing,https://openalex.org/S168572994,Nonprofit and Voluntary Sector Quarterly
REGIONAL STUDIES,SECTOR,Sectoriel,2,0034-3404,1360-0591,1360-0591,regional-studies,Routledge,https://openalex.org/S175672440,Regional Studies
TRANSPORTATION RESEARCH A: POLICY AND PRACTICE,SECTOR,Sectoriel,2,0965-8564,1879-2375,1879-2375,transportation-research-a-policy-and-practice,Elsevier BV,https://openalex.org/S159637997,Transportation Research Part A Policy and Practice
TRANSPORTATION RESEARCH D: TRANSPORT AND ENVIRONMENT,SECTOR,Sectoriel,2,1361-9209,1879-2340,1879-2340,transportation-research-d-transport-and-environment,Elsevier BV,https://openalex.org/S45181156,Transportation Research Part D Transport and Environment
URBAN STUDIES,SECTOR,Sectoriel,2,0042-0980,1360-063X,1360-063X,urban-studies,SAGE Publishing,https://openalex.org/S50366009,Urban Studies
APPETITE,SECTOR,Sectoriel,3,0092-0703,1095-8304,1095-8304,appetite,Elsevier BV,https://openalex.org/S126804734,Appetite
BRITISH FOOD JOURNAL,SECTOR,Sectoriel,3,0007-070X,1758-4108,1758-4108,british-food-journal,Emerald Publishing Limited,https://openalex.org/S99313352,British Food Journal
CURRENT ISSUES IN TOURISM,SECTOR,Sectoriel,3,1368-3500,1747-7603,1747-7603,current-issues-in-tourism,Taylor & Francis,https://openalex.org/S171183513,Current Issues in Tourism
EURO JOURNAL ON TRANSPORTATION AND LOGISTICS,SECTOR,Sectoriel,3,2192-4376,2192-4384,2192-4384,euro-journal-on-transportation-and-logistics,Springer Science+Business Media,https://openalex.org/S2764539693,EURO Journal on Transportation and Logistics
EUROPEAN SPORT MANAGEMENT QUARTERLY,SECTOR,Sectoriel,3,1618-4742,1746-031X,1746-031X,european-sport-management-quarterly,Taylor & Francis,https://openalex.org/S112345165,European Sport Management Quarterly
INTERNATIONAL JOURNAL OF CONTEMPORARY HOSPITALITY MANAGEMENT,SECTOR,Sectoriel,3,0959-6119,1757-1049,1757-1049,international-journal-of-contemporary-hospitality-management,Emerald Publishing Limited,https://openalex.org/S125977778,International Journal of Contemporary Hospitality Management
INTERNATIONAL JOURNAL OF HOSPITALITY MANAGEMENT,SECTOR,Sectoriel,3,0278-4319,1873-4693,1873-4693,international-journal-of-hospitality-management,Elsevier BV,https://openalex.org/S148599315,International Journal of Hospitality Management
INTERNATIONAL JOURNAL OF TOURISM RESEARCH,SECTOR,Sectoriel,3,1099-2340,1522-1970,1522-1970,international-journal-of-tourism-research,Wiley,https://openalex.org/S172501620,International Journal of Tourism Research
JOURNAL OF HOSPITALITY AND TOURISM MANAGEMENT,SECTOR,Sectoriel,3,1447-6770,1839-5260,1839-5260,journal-of-hospitality-and-tourism-management,Elsevier BV,https://openalex.org/S187788904,Journal of Hospitality and Tourism Management
JOURNAL OF HOSPITALITY AND TOURISM RESEARCH,SECTOR,Sectoriel,3,1096-3480,1557-7554,1557-7554,journal-of-hospitality-and-tourism-research,SAGE Publishing,https://openalex.org/S42678134,Journal of Hospitality & Tourism Research
JOURNAL OF MANAGEMENT IN ENGINEERING,SECTOR,Sectoriel,3,0742-597X,1943-5479,1943-5479,journal-of-management-in-engineering,American Society of Civil Engineers,https://openalex.org/S144495243,Journal of Management in Engineering
JOURNAL OF SUSTAINABLE TOURISM,SECTOR,Sectoriel,3,0966-9582,1747-7646,1747-7646,journal-of-sustainable-tourism,Taylor & Francis,https://openalex.org/S167854760,Journal of Sustainable Tourism
JOURNAL OF TRANSPORT GEOGRAPHY,SECTOR,Sectoriel,3,0966-6923,1873-1236,1873-1236,journal-of-transport-geography,Elsevier BV,https://openalex.org/S80150607,Journal of Transport Geography
JOURNAL OF TRAVEL & TOURISM MARKETING,SECTOR,Sectoriel,3,1054-8408,1540-7306,1540-7306,journal-of-travel-and-tourism-marketing,Taylor & Francis,https://openalex.org/S132310603,Journal of Travel & Tourism Marketing
LAND ECONOMICS,SECTOR,Sectoriel,3,0023-7639,1543-8325,1543-8325,land-economics,University of Wisconsin Press,https://openalex.org/S149285975,Land Economics
PAPERS IN REGIONAL SCIENCE,SECTOR,Sectoriel,3,1056-8190,1435-5957,1435-5957,papers-in-regional-science,Elsevier BV,https://openalex.org/S101788309,Papers of the Regional Science Association
REGIONAL SCIENCE AND URBAN ECONOMICS,SECTOR,Sectoriel,3,0166-0462,1879-2308,1879-2308,regional-science-and-urban-economics,Elsevier BV,https://openalex.org/S107631327,Regional Science and Urban Economics
RESOURCE AND ENERGY ECONOMICS,SECTOR,Sectoriel,3,0928-7655,1873-0221,1873-0221,resource-and-energy-economics,Elsevier BV,https://openalex.org/S165058066,Resource and Energy Economics
SAFETY SCIENCE,SECTOR,Sectoriel,3,0925-7535,1879-1042,1879-1042,safety-science,Elsevier BV,https://openalex.org/S123149298,Safety Science
SERVICE INDUSTRIES JOURNAL,SECTOR,Sectoriel,3,0264-2069,1743-9507,1743-9507,service-industries-journal,Taylor & Francis,https://openalex.org/S49331332,Service Industries Journal
SPORT MANAGEMENT REVIEW,SECTOR,Sectoriel,3,1441-3523,1839-2083,1839-2083,sport-management-review,Taylor & Francis,https://openalex.org/S121058368,Sport Management Review
TOURISM MANAGEMENT PERSPECTIVES,SECTOR,Sectoriel,3,2211-9736,2211-9744,2211-9744,tourism-management-perspectives,Elsevier BV,https://openalex.org/S2764590662,Tourism Management Perspectives
TRANSPORT POLICY,SECTOR,Sectoriel,3,0967-070X,1879-310X,1879-310X,transport-policy,Elsevier BV,https://openalex.org/S186558940,Transport Policy
TRANSPORT REVIEWS,SECTOR,Sectoriel,3,0144-1647,1464-5327,1464-5327,transport-reviews,Taylor & Francis,https://openalex.org/S194388667,Transport Reviews
TRANSPORTATION,SECTOR,Sectoriel,3,0049-4488,1572-9435,1572-9435,transportation,Springer Science+Business Media,https://openalex.org/S62009534,Transportation
STRATEGIC MANAGEMENT JOURNAL,STRAT,Stratégie,1*,0143-2095,1097-0266,1097-0266,strategic-management-journal,Wiley,https://openalex.org/S102949365,Strategic Management Journal
GLOBAL STRATEGY JOURNAL,STRAT,Stratégie,1,2042-5791,2042-5805,2042-5805,global-strategy-journal,Wiley,https://openalex.org/S2765008422,Global Strategy Journal
LONG RANGE PLANNING,STRAT,Stratégie,1,0024-6301,1873-1872,1873-1872,long-range-planning,Elsevier BV,https://openalex.org/S9435936,Long Range Planning
STRATEGIC ORGANIZATION,STRAT,Stratégie,1,1476-1270,1741-315X,1741-315X,strategic-organization,SAGE Publishing,https://openalex.org/S11394615,Strategic Organization
JOURNAL OF ECONOMICS AND MANAGEMENT STRATEGY,STRAT,Stratégie,2,1058-6407,1530-9134,1530-9134,journal-of-economics-and-management-strategy,Wiley,https://openalex.org/S115237062,Journal of Economics & Management Strategy
M@N@GEMENT,STRAT,Stratégie,2,,1286-4692,1286-4692,m-n-gement,,https://openalex.org/S4210168739,M n gement
ADVANCES IN STRATEGIC MANAGEMENT,STRAT,Stratégie,3,0742-3322,0742-3322,0742-3322,advances-in-strategic-management,,https://openalex.org/S4210174510,Advances in strategic management
BUSINESS STRATEGY AND THE ENVIRONMENT,STRAT,Stratégie,3,0964-4733,1099-0836,1099-0836,business-strategy-and-the-environment,Wiley,https://openalex.org/S205793605,Business Strategy and the Environment
INTERNATIONAL JOURNAL OF FORECASTING,STRAT,Stratégie,3,0169-2070,1872-8200,1872-8200,international-journal-of-forecasting,Elsevier BV,https://openalex.org/S39841227,International Journal of Forecasting
JOURNAL OF FORECASTING,STRAT,Stratégie,3,0277-6693,1099-131X,1099-131X,journal-of-forecasting,Wiley,https://openalex.org/S122161766,Journal of Forecasting
TECHNOLOGY ANALYSIS AND STRATEGIC MANAGEMENT,STRAT,Stratégie,3,0953-7325,1465-3990,1465-3990,technology-analysis-and-strategic-management,Taylor & Francis,https://openalex.org/S130699561,Technology Analysis and Strategic Management
EUROPEAN JOURNAL OF INFORMATION SYSTEMS,MIS,Systèmes d information,1*,0960-085X,1476-9344,1476-9344,european-journal-of-information-systems,Palgrave Macmillan,https://openalex.org/S116712389,European Journal of Information Systems
INFORMATION SYSTEMS RESEARCH,MIS,Systèmes d information,1*,1047-7047,1526-5536,1526-5536,information-systems-research,Institute for Operations Research and the Management Sciences,https://openalex.org/S202812398,Information Systems Research
MIS QUARTERLY,MIS,Systèmes d information,1*,0276-7783,2162-9730,2162-9730,mis-quarterly,MIS Quarterly,https://openalex.org/S57293258,MIS Quarterly
INFORMATION AND MANAGEMENT,MIS,Systèmes d information,1,0378-7206,1872-7530,1872-7530,information-and-management,Elsevier BV,https://openalex.org/S38883057,Information & Management
INFORMATION SYSTEMS JOURNAL,MIS,Systèmes d information,1,1350-1917,1365-2575,1365-2575,information-systems-journal,Wiley,https://openalex.org/S92260147,Information Systems Journal
JOURNAL OF INFORMATION TECHNOLOGY,MIS,Systèmes d information,1,0268-3962,1466-4437,1466-4437,journal-of-information-technology,SAGE Publishing,https://openalex.org/S135086714,Journal of Information Technology
JOURNAL OF MANAGEMENT INFORMATION SYSTEMS,MIS,Systèmes d information,1,0742-1222,1557-928X,1557-928X,journal-of-management-information-systems,Taylor & Francis,https://openalex.org/S9954729,Journal of Management Information Systems
JOURNAL OF STRATEGIC INFORMATION SYSTEMS,MIS,Systèmes d information,1,0963-8687,1873-1198,1873-1198,journal-of-strategic-information-systems,Elsevier BV,https://openalex.org/S6144335,The Journal of Strategic Information Systems
JOURNAL OF THE ASSOCIATION FOR INFORMATION SYSTEMS,MIS,Systèmes d information,1,1536-9323,1558-3457,1558-3457,journal-of-the-association-for-information-systems,Association for Information Systems,https://openalex.org/S30879505,Journal of the Association for Information Systems
ACM TRANSACTIONS ON COMPUTER-HUMAN INTERACTION,MIS,Systèmes d information,2,1073-0516,1557-7325,1557-7325,acm-transactions-on-computer-human-interaction,Association for Computing Machinery,https://openalex.org/S89276529,ACM Transactions on Computer-Human Interaction
DECISION SCIENCES,MIS,Systèmes d information,2,0011-7315,1540-5915,1540-5915,decision-sciences,Wiley,https://openalex.org/S177792750,Decision Sciences
DECISION SUPPORT SYSTEMS,MIS,Systèmes d information,2,0167-9236,1873-5797,1873-5797,decision-support-systems,Elsevier BV,https://openalex.org/S11479521,Decision Support Systems
"""IEEE TRANSACTION ON SYSTEMS"," MAN AND CYBERNETICS: SYSTEMS (FORMERLY """"IEEE TRANSACTIONS ON SYSTEMS"," MAN AND CYBERNETICS - PART A: SYSTEMS AND HUMANS"""")""",MIS,Systèmes d information,2,2168-2216,2168-2232,,,
IEEE TRANSACTIONS ON ENGINEERING MANAGEMENT,MIS,Systèmes d information,2,0018-9391,1558-0040,1558-0040,ieee-transactions-on-engineering-management,Institute of Electrical and Electronics Engineers,https://openalex.org/S154533451,IEEE Transactions on Engineering Management
INFORMATION AND ORGANIZATION,MIS,Systèmes d information,2,1471-7727,1873-7919,1873-7919,information-and-organization,Elsevier BV,https://openalex.org/S35363033,Information and Organization
INFORMATION SYSTEMS FRONTIERS,MIS,Systèmes d information,2,1387-3326,1572-9419,1572-9419,information-systems-frontiers,Springer Science+Business Media,https://openalex.org/S181659395,Information Systems Frontiers
INFORMATION TECHNOLOGY AND PEOPLE,MIS,Systèmes d information,2,0959-3845,1758-5813,1758-5813,information-technology-and-people,Emerald Publishing Limited,https://openalex.org/S185256354,Information Technology and People
INTERNATIONAL JOURNAL OF ELECTRONIC COMMERCE,MIS,Systèmes d information,2,1086-4415,1557-9301,1557-9301,international-journal-of-electronic-commerce,Taylor & Francis,https://openalex.org/S18436875,International Journal of Electronic Commerce
INTERNATIONAL JOURNAL OF INFORMATION MANAGEMENT,MIS,Systèmes d information,2,0268-4012,1873-4707,1873-4707,international-journal-of-information-management,Elsevier BV,https://openalex.org/S189354248,International Journal of Information Management
JOURNAL OF COMPUTER MEDIATED COMMUNICATION,MIS,Systèmes d information,2,1083-6101,1083-6101,1083-6101,journal-of-computer-mediated-communication,Wiley,https://openalex.org/S30594836,Journal of Computer-Mediated Communication
SYSTÈMES D'INFORMATION ET MANAGEMENT (SIM),MIS,Systèmes d information,2,1260-4984,2271-7188,2271-7188,systemes-d-information-et-management-sim,,https://openalex.org/S2765043386,Systèmes d information & management
AIS TRANSACTIONS ON HUMAN-COMPUTER INTERACTION,MIS,Systèmes d information,3,1944-3900,1944-3900,1944-3900,ais-transactions-on-human-computer-interaction,Association for Information Systems,https://openalex.org/S4210193050,AIS Transactions on Human-Computer Interaction
BEHAVIOUR AND INFORMATION TECHNOLOGY,MIS,Systèmes d information,3,0144-929X,1362-3001,1362-3001,behaviour-and-information-technology,Taylor & Francis,https://openalex.org/S123849098,Behaviour and Information Technology
BRITISH JOURNAL OF EDUCATIONAL TECHNOLOGY,MIS,Systèmes d information,3,0007-1013,1467-8535,1467-8535,british-journal-of-educational-technology,Wiley,https://openalex.org/S110346167,British Journal of Educational Technology
BUSINESS AND INFORMATION SYSTEMS ENGINEERING (BISE) (FORMERLY: WIRTSCHAFTSINFORMATIK (WI)),MIS,Systèmes d information,3,1867-0202,2363-7005,2363-7005,business-and-information-systems-engineering-bise-formerly-wirtschaftsinformatik-wi,Springer Nature,https://openalex.org/S27339233,Business & Information Systems Engineering
BUSINESS PROCESS MANAGEMENT JOURNAL,MIS,Systèmes d information,3,1463-7154,1758-4116,1758-4116,business-process-management-journal,Emerald Publishing Limited,https://openalex.org/S2508752,Business Process Management Journal
COMMUNICATIONS OF THE ACM,MIS,Systèmes d information,3,0001-0782,1557-7317,1557-7317,communications-of-the-acm,Association for Computing Machinery,https://openalex.org/S103482838,Communications of the ACM
COMMUNICATIONS OF THE ASSOCIATION FOR INFORMATION SYSTEMS,MIS,Systèmes d information,3,1529-3181,1529-3181,1529-3181,communications-of-the-association-for-information-systems,Association for Information Systems,https://openalex.org/S4210239688,Communications of the Association for Information Systems
COMPUTERS & INDUSTRIAL ENGINEERING,MIS,Systèmes d information,3,0360-8352,1879-0550,1879-0550,computers-and-industrial-engineering,Elsevier BV,https://openalex.org/S196821226,Computers & Industrial Engineering
COMPUTERS IN HUMAN BEHAVIOR,MIS,Systèmes d information,3,0747-5632,1873-7692,1873-7692,computers-in-human-behavior,Elsevier BV,https://openalex.org/S204030396,Computers in Human Behavior
ELECTRONIC MARKETS,MIS,Systèmes d information,3,1019-6781,1422-8890,1422-8890,electronic-markets,Springer Science+Business Media,https://openalex.org/S137519996,Electronic Markets
ENTERPRISE INFORMATION SYSTEMS,MIS,Systèmes d information,3,1751-7575,1751-7583,1751-7583,enterprise-information-systems,Taylor & Francis,https://openalex.org/S24861202,Enterprise Information Systems
EXPERT SYSTEMS WITH APPLICATIONS,MIS,Systèmes d information,3,0957-4174,1873-6793,1873-6793,expert-systems-with-applications,Elsevier BV,https://openalex.org/S13144211,Expert Systems with Applications
GOVERNMENT INFORMATION QUARTERLY,MIS,Systèmes d information,3,0740-624X,1872-9517,1872-9517,government-information-quarterly,Elsevier BV,https://openalex.org/S201710173,Government Information Quarterly
HUMAN-COMPUTER INTERACTION,MIS,Systèmes d information,3,0737-0024,1532-7051,1532-7051,human-computer-interaction,Taylor & Francis,https://openalex.org/S2481449237,Human-Computer Interaction
IEEE TRANSACTIONS ON KNOWLEDGE AND DATA ENGINEERING,MIS,Systèmes d information,3,1041-4347,1041-4347,1041-4347,ieee-transactions-on-knowledge-and-data-engineering,IEEE Computer Society,https://openalex.org/S30698027,IEEE Transactions on Knowledge and Data Engineering
IEEE TRANSACTIONS ON SOFTWARE ENGINEERING,MIS,Systèmes d information,3,0098-5589,1939-3520,1939-3520,ieee-transactions-on-software-engineering,IEEE Computer Society,https://openalex.org/S8351582,IEEE Transactions on Software Engineering
INDUSTRIAL MANAGEMENT AND DATA SYSTEMS,MIS,Systèmes d information,3,0263-5577,1758-5783,1758-5783,industrial-management-and-data-systems,Emerald Publishing Limited,https://openalex.org/S37320504,Industrial Management & Data Systems
INFORMATION COMMUNICATION AND SOCIETY,MIS,Systèmes d information,3,1369-118X,1468-4462,1468-4462,information-communication-and-society,Routledge,https://openalex.org/S70010600,Information Communication & Society
INFORMATION PROCESSING AND MANAGEMENT,MIS,Systèmes d information,3,0306-4573,1873-5371,1873-5371,information-processing-and-management,Elsevier BV,https://openalex.org/S174847851,Information Processing & Management
INFORMATION SYSTEMS AND E-BUSINESS MANAGEMENT,MIS,Systèmes d information,3,1617-9846,1617-9854,1617-9854,information-systems-and-e-business-management,Springer Science+Business Media,https://openalex.org/S56271844,Information Systems and e-Business Management
INTERNATIONAL JOURNAL OF HUMAN COMPUTER STUDIES,MIS,Systèmes d information,3,1071-5819,1095-9300,1095-9300,international-journal-of-human-computer-studies,Elsevier BV,https://openalex.org/S4210190811,International Journal of Human-Computer Studies
INTERNET RESEARCH,MIS,Systèmes d information,3,1066-2243,1066-2243,1066-2243,internet-research,Emerald Publishing Limited,https://openalex.org/S63576417,Internet Research
JOURNAL OF ENTERPRISE INFORMATION MANAGEMENT,MIS,Systèmes d information,3,1741-0398,1758-7409,1758-7409,journal-of-enterprise-information-management,Emerald Publishing Limited,https://openalex.org/S141478581,Journal of Enterprise Information Management
JOURNAL OF GLOBAL INFORMATION MANAGEMENT,MIS,Systèmes d information,3,1062-7375,1533-7995,1533-7995,journal-of-global-information-management,IGI Global,https://openalex.org/S83591844,Journal of Global Information Management
KNOWLEDGE MANAGEMENT RESEARCH & PRACTICE,MIS,Systèmes d information,3,1477-8238,1477-8246,1477-8246,knowledge-management-research-and-practice,Taylor & Francis,https://openalex.org/S192723185,Knowledge Management Research & Practice
MIS QUARTERLY EXECUTIVE,MIS,Systèmes d information,3,1540-1960,1540-1979,1540-1979,mis-quarterly-executive,Indiana University Press,https://openalex.org/S48312676,MIS Quarterly Executive
THE DATA BASE FOR ADVANCES IN INFORMATION SYSTEMS,MIS,Systèmes d information,3,0095-0033,1532-0936,1532-0936,the-data-base-for-advances-in-information-systems,Association for Computing Machinery,https://openalex.org/S4210234096,ACM SIGMIS Database the DATABASE for Advances in Information Systems
THE INFORMATION SOCIETY,MIS,Systèmes d information,3,0197-2243,1087-6537,1087-6537,the-information-society,Taylor & Francis,https://openalex.org/S144363146,The Information Society
ADMINISTRATIVE SCIENCE QUARTERLY,ORG STUD,Études organisationnelles,1*,0001-8392,1930-3815,1930-3815,administrative-science-quarterly,SAGE Publishing,https://openalex.org/S143668711,Administrative Science Quarterly
ORGANIZATION SCIENCE,ORG STUD,Études organisationnelles,1*,1047-7039,1526-5455,1526-5455,organization-science,Institute for Operations Research and the Management Sciences,https://openalex.org/S206124708,Organization Science
JOURNAL OF ORGANIZATIONAL BEHAVIOR,ORG STUD,Études organisationnelles,1,0894-3796,1099-1379,1099-1379,journal-of-organizational-behavior,Wiley,https://openalex.org/S160573970,Journal of Organizational Behavior
ORGANIZATION STUDIES,ORG STUD,Études organisationnelles,1,0170-8406,1741-3044,1741-3044,organization-studies,SAGE Publishing,https://openalex.org/S28882882,Organization Studies
ORGANIZATIONAL RESEARCH METHODS,ORG STUD,Études organisationnelles,1,1094-4281,1552-7425,1552-7425,organizational-research-methods,SAGE Publishing,https://openalex.org/S133599136,Organizational Research Methods
JOURNAL OF ECONOMIC BEHAVIOR AND ORGANIZATION,ORG STUD,Études organisationnelles,2,0167-2681,1879-1751,1879-1751,journal-of-economic-behavior-and-organization,Elsevier BV,https://openalex.org/S62201805,Journal of Economic Behavior & Organization
JOURNAL OF KNOWLEDGE MANAGEMENT,ORG STUD,Études organisationnelles,2,1367-3270,1758-7484,1758-7484,journal-of-knowledge-management,Emerald Publishing Limited,https://openalex.org/S50631486,Journal of Knowledge Management
ORGANIZATION,ORG STUD,Études organisationnelles,2,1350-5084,1461-7323,1461-7323,organization,SAGE Publishing,https://openalex.org/S72915307,Organization
ORGANIZATION AND ENVIRONMENT,ORG STUD,Études organisationnelles,2,1086-0266,1552-7417,1552-7417,organization-and-environment,SAGE Publishing,https://openalex.org/S94552155,Organization & Environment
ORGANIZATIONAL DYNAMICS,ORG STUD,Études organisationnelles,2,0090-2616,1873-3530,1873-3530,organizational-dynamics,Elsevier BV,https://openalex.org/S195297104,Organizational Dynamics
RESEARCH IN ORGANIZATIONAL BEHAVIOR,ORG STUD,Études organisationnelles,2,0191-3085,0191-3085,0191-3085,research-in-organizational-behavior,Elsevier BV,https://openalex.org/S55099511,Research in Organizational Behavior
ANNUAL REVIEW OF ORGANIZATIONAL PSYCHOLOGY AND ORGANIZATIONAL BEHAVIOR,ORG STUD,Études organisationnelles,3,2327-0608,2327-0616,2327-0616,annual-review-of-organizational-psychology-and-organizational-behavior,Annual Reviews,https://openalex.org/S4210200923,Annual Review of Organizational Psychology and Organizational Behavior
CULTURE AND ORGANIZATION,ORG STUD,Études organisationnelles,3,1475-9551,1477-2760,1477-2760,culture-and-organization,Taylor & Francis,https://openalex.org/S1076045,Culture and Organization
"""GROUP DYNAMICS: THEORY"," RESEARCH AND PRACTICE""",ORG STUD,Études organisationnelles,3,1089-2699,1930-7802,1930-7802,American Psychological Association,https://openalex.org/S20082545,Group Dynamics Theory Research and Practice
GROUP PROCESSES AND INTERGROUP RELATIONS,ORG STUD,Études organisationnelles,3,1368-4302,1461-7188,1461-7188,group-processes-and-intergroup-relations,SAGE Publishing,https://openalex.org/S81071032,Group Processes & Intergroup Relations
JOURNAL OF BEHAVIORAL AND EXPERIMENTAL ECONOMICS (FORMERLY: JOURNAL OF SOCIO-ECONOMICS),ORG STUD,Études organisationnelles,3,2214-8043,2214-8051,2214-8051,journal-of-behavioral-and-experimental-economics-formerly-journal-of-socio-economics,Elsevier BV,https://openalex.org/S4210233753,Journal of Behavioral and Experimental Economics
JOURNAL OF ORGANIZATIONAL BEHAVIOR MANAGEMENT,ORG STUD,Études organisationnelles,3,0160-8061,1540-8604,1540-8604,journal-of-organizational-behavior-management,Taylor & Francis,https://openalex.org/S97886924,Journal of Organizational Behavior Management
JOURNAL OF ORGANIZATIONAL CHANGE MANAGEMENT,ORG STUD,Études organisationnelles,3,0953-4814,1758-7816,1758-7816,journal-of-organizational-change-management,Emerald Publishing Limited,https://openalex.org/S197145128,Journal of Organizational Change Management
MANAGEMENT AND ORGANIZATION REVIEW,ORG STUD,Études organisationnelles,3,1740-8776,1740-8784,1740-8784,management-and-organization-review,Cambridge University Press,https://openalex.org/S70175541,Management and Organization Review
ORGANIZATIONAL PSYCHOLOGY REVIEW,ORG STUD,Études organisationnelles,3,2041-3866,2041-3874,2041-3874,organizational-psychology-review,SAGE Publishing,https://openalex.org/S2764940387,Organizational Psychology Review
REVIEW OF INDUSTRIAL ORGANIZATION,ORG STUD,Études organisationnelles,3,0889-938X,1573-7160,1573-7160,review-of-industrial-organization,Springer Science+Business Media,https://openalex.org/S3416249,Review of Industrial Organization
SMALL GROUP RESEARCH,ORG STUD,Études organisationnelles,3,1046-4964,1552-8278,1552-8278,small-group-research,SAGE Publishing,https://openalex.org/S133913429,Small Group Research
