titre,discipline_code,discipline,rang_fnege_2025,pissn,eissn,issn_cle,slug
ACCOUNTING REVIEW (THE),ACC,Comptabilité,1*,0001-4826,1558-7967,1558-7967,accounting-review-the
"ACCOUNTING, ORGANIZATION AND SOCIETY",ACC,Comptabilité,1*,0361-3682,1873-6289,1873-6289,accounting-organization-and-society
JOURNAL OF ACCOUNTING AND ECONOMICS,ACC,Comptabilité,1*,0165-4101,1879-1980,1879-1980,journal-of-accounting-and-economics
JOURNAL OF ACCOUNTING RESEARCH,ACC,Comptabilité,1*,0021-8456,1475-679X,1475-679X,journal-of-accounting-research
CONTEMPORARY ACCOUNTING RESEARCH,ACC,Comptabilité,1,0823-9150,1911-3846,1911-3846,contemporary-accounting-research
REVIEW OF ACCOUNTING STUDIES,ACC,Comptabilité,1,1380-6653,1573-7136,1573-7136,review-of-accounting-studies
ABACUS,ACC,Comptabilité,2,0001-3072,1467-6281,1467-6281,abacus
ACCOUNTING AND BUSINESS RESEARCH,ACC,Comptabilité,2,0001-4788,2159-4260,2159-4260,accounting-and-business-research
ACCOUNTING HORIZONS,ACC,Comptabilité,2,0888-7993,1558-7975,1558-7975,accounting-horizons
"ACCOUNTING, AUDITING AND ACCOUNTABILITY JOURNAL",ACC,Comptabilité,2,0951-3574,1758-4205,1758-4205,accounting-auditing-and-accountability-journal
AUDITING-A JOURNAL OF PRACTICE & THEORY,ACC,Comptabilité,2,0278-0380,1558-7991,1558-7991,auditing-a-journal-of-practice-and-theory
BRITISH ACCOUNTING REVIEW,ACC,Comptabilité,2,0890-8389,1095-8347,1095-8347,british-accounting-review
COMPTABILITÉ-CONTRÔLE-AUDIT,ACC,Comptabilité,2,1262-2788,2313-514X,2313-514X,comptabilite-controle-audit
CRITICAL PERSPECTIVES ON ACCOUNTING,ACC,Comptabilité,2,1045-2354,1095-9955,1095-9955,critical-perspectives-on-accounting
EUROPEAN ACCOUNTING REVIEW,ACC,Comptabilité,2,0963-8180,1468-4497,1468-4497,european-accounting-review
JOURNAL OF BUSINESS FINANCE AND ACCOUNTING,ACC,Comptabilité,2,0306-686X,1468-5957,1468-5957,journal-of-business-finance-and-accounting
MANAGEMENT ACCOUNTING RESEARCH,ACC,Comptabilité,2,1044-5005,1096-1224,1096-1224,management-accounting-research
ACCOUNTING AND FINANCE,ACC,Comptabilité,3,0810-5391,1467-629X,1467-629X,accounting-and-finance
ACCOUNTING FORUM,ACC,Comptabilité,3,0155-9982,1467-6303,1467-6303,accounting-forum
ACCOUNTING IN EUROPE,ACC,Comptabilité,3,1744-9480,1744-9499,1744-9499,accounting-in-europe
ADVANCES IN ACCOUNTING (INCORPORATING: ADVANCES IN INTERNATIONAL ACCOUNTING),ACC,Comptabilité,3,0882-6110,1046-5715,1046-5715,advances-in-accounting-incorporating-advances-in-international-accounting
AUSTRALIAN ACCOUNTING REVIEW,ACC,Comptabilité,3,1035-6908,1835-2561,1835-2561,australian-accounting-review
BEHAVIORAL RESEARCH IN ACCOUNTING,ACC,Comptabilité,3,1050-4753,1558-8009,1558-8009,behavioral-research-in-accounting
INTERNATIONAL JOURNAL OF ACCOUNTING INFORMATION SYSTEMS,ACC,Comptabilité,3,1467-0895,1873-4723,1873-4723,international-journal-of-accounting-information-systems
INTERNATIONAL JOURNAL OF AUDITING,ACC,Comptabilité,3,1090-6738,1099-1123,1099-1123,international-journal-of-auditing
INTERNATIONAL LABOUR REVIEW,ACC,Comptabilité,3,0020-7780,1564-913X,1564-913X,international-labour-review
JOURNAL OF ACCOUNTING LITERATURE,ACC,Comptabilité,3,0737-4607,2452-1469,2452-1469,journal-of-accounting-literature
"JOURNAL OF ACCOUNTING, AUDITING AND FINANCE",ACC,Comptabilité,3,0148-558X,2160-4061,2160-4061,journal-of-accounting-auditing-and-finance
JOURNAL OF APPLIED ACCOUNTING RESEARCH,ACC,Comptabilité,3,0967-5426,1758-8855,1758-8855,journal-of-applied-accounting-research
JOURNAL OF CONTEMPORARY ACCOUNTING & ECONOMICS,ACC,Comptabilité,3,1815-5669,2352-3298,2352-3298,journal-of-contemporary-accounting-and-economics
JOURNAL OF INTERNATIONAL ACCOUNTING RESEARCH,ACC,Comptabilité,3,1542-6297,1558-8025,1558-8025,journal-of-international-accounting-research
"JOURNAL OF INTERNATIONAL ACCOUNTING, AUDITING AND TAXATION",ACC,Comptabilité,3,1061-9518,1879-1603,1879-1603,journal-of-international-accounting-auditing-and-taxation
JOURNAL OF INTERNATIONAL FINANCIAL MANAGEMENT & ACCOUNTING,ACC,Comptabilité,3,0954-1314,1467-646X,1467-646X,journal-of-international-financial-management-and-accounting
JOURNAL OF MANAGEMENT ACCOUNTING RESEARCH,ACC,Comptabilité,3,1049-2127,1558-8033,1558-8033,journal-of-management-accounting-research
MANAGERIAL AUDITING JOURNAL,ACC,Comptabilité,3,0268-6902,1758-7735,1758-7735,managerial-auditing-journal
QUALITATIVE RESEARCH IN ACCOUNTING AND MANAGEMENT,ACC,Comptabilité,3,1176-6093,1758-7654,1758-7654,qualitative-research-in-accounting-and-management
"SUSTAINABILITY ACCOUNTING, MANAGEMENT AND POLICY JOURNAL",ACC,Comptabilité,3,2040-8021,2040-803X,2040-803X,sustainability-accounting-management-and-policy-journal
THE INTERNATIONAL JOURNAL OF ACCOUNTING,ACC,Comptabilité,3,1094-4060,2213-3933,2213-3933,the-international-journal-of-accounting
ACADEMY OF MANAGEMENT LEARNING AND EDUCATION,EDUC,Enseignement,1,1537-260X,1944-9585,1944-9585,academy-of-management-learning-and-education
MANAGEMENT LEARNING,EDUC,Enseignement,2,1350-5076,1461-7307,1461-7307,management-learning
JOURNAL OF MANAGEMENT EDUCATION,EDUC,Enseignement,3,1052-5629,1552-6658,1552-6658,journal-of-management-education
STUDIES IN HIGHER EDUCATION,EDUC,Enseignement,3,0307-5079,1470-174X,1470-174X,studies-in-higher-education
AMERICAN JOURNAL OF SOCIOLOGY,BUS SOC,Entreprise et société,1,0002-9602,1537-5390,1537-5390,american-journal-of-sociology
AMERICAN SOCIOLOGICAL REVIEW,BUS SOC,Entreprise et société,1,0003-1224,1939-8271,1939-8271,american-sociological-review
ECONOMIC GEOGRAPHY,BUS SOC,Entreprise et société,1,0013-0095,1944-8287,1944-8287,economic-geography
JOURNAL OF ENVIRONMENTAL ECONOMICS AND MANAGEMENT,BUS SOC,Entreprise et société,1,0095-0696,1096-0449,1096-0449,journal-of-environmental-economics-and-management
ANNUAL REVIEW OF SOCIOLOGY,BUS SOC,Entreprise et société,2,0360-0572,1545-2115,1545-2115,annual-review-of-sociology
BUSINESS AND SOCIETY,BUS SOC,Entreprise et société,2,0007-6503,1552-4205,1552-4205,business-and-society
ECOLOGICAL ECONOMICS,BUS SOC,Entreprise et société,2,1873-6106,1989-2021,1989-2021,ecological-economics
ENVIRONMENTAL AND RESOURCE ECONOMICS,BUS SOC,Entreprise et société,2,0924-6460,1573-1502,1573-1502,environmental-and-resource-economics
GENDER AND SOCIETY,BUS SOC,Entreprise et société,2,0891-2432,1552-3977,1552-3977,gender-and-society
GLOBAL ENVIRONMENTAL CHANGE,BUS SOC,Entreprise et société,2,0959-3780,1872-9495,1872-9495,global-environmental-change
JOURNAL OF ECONOMIC GEOGRAPHY,BUS SOC,Entreprise et société,2,1468-2702,1468-2710,1468-2710,journal-of-economic-geography
JOURNAL OF ENVIRONMENTAL MANAGEMENT,BUS SOC,Entreprise et société,2,0301-4797,1095-8630,1095-8630,journal-of-environmental-management
REVUE DE L'ORGANISATION RESPONSABLE (ROR),BUS SOC,Entreprise et société,2,1951-0187,2105-3022,2105-3022,revue-de-l-organisation-responsable-ror
SOCIOLOGY,BUS SOC,Entreprise et société,2,0038-0385,1469-8684,1469-8684,sociology
BRITISH JOURNAL OF SOCIOLOGY,BUS SOC,Entreprise et société,3,0007-1315,1468-4446,1468-4446,british-journal-of-sociology
"BUSINESS ETHICS, THE ENVIRONMENT AND RESPONSIBILITY",BUS SOC,Entreprise et société,3,2694-6416,2694-6424,2694-6424,business-ethics-the-environment-and-responsibility-2
DEVELOPMENT AND CHANGE,BUS SOC,Entreprise et société,3,0012-155X,1467-7660,1467-7660,development-and-change
ECONOMY AND SOCIETY,BUS SOC,Entreprise et société,3,0308-5147,1469-5766,1469-5766,economy-and-society
JOURNAL OF INDUSTRIAL ECOLOGY,BUS SOC,Entreprise et société,3,1088-1980,1530-9290,1530-9290,journal-of-industrial-ecology
JOURNAL OF THE ASSOCIATION OF ENVIRONMENTAL AND RESOURCE ECONOMISTS,BUS SOC,Entreprise et société,3,2333-5955,2333-5963,2333-5963,journal-of-the-association-of-environmental-and-resource-economists
KYKLOS,BUS SOC,Entreprise et société,3,0023-5962,1467-6435,1467-6435,kyklos
SOCIAL FORCES,BUS SOC,Entreprise et société,3,0037-7732,1534-7605,1534-7605,social-forces
"THEORY, CULTURE AND SOCIETY",BUS SOC,Entreprise et société,3,0263-2764,1460-3616,1460-3616,theory-culture-and-society
AMERICAN ECONOMIC REVIEW,FIN,Finance,1*,0002-8282,1944-7981,1944-7981,american-economic-review
ECONOMETRICA,FIN,Finance,1*,0012-9682,1468-0262,1468-0262,econometrica
JOURNAL OF FINANCE,FIN,Finance,1*,0022-1082,1540-6261,1540-6261,journal-of-finance
JOURNAL OF FINANCIAL ECONOMICS,FIN,Finance,1*,0304-405X,0304-405X,0304-405X,journal-of-financial-economics
REVIEW OF FINANCIAL STUDIES,FIN,Finance,1*,0893-9454,1465-7368,1465-7368,review-of-financial-studies
JOURNAL OF BANKING AND FINANCE,FIN,Finance,1,0378-4266,1872-6372,1872-6372,journal-of-banking-and-finance
JOURNAL OF BUSINESS AND ECONOMIC STATISTICS,FIN,Finance,1,0735-0015,1537-2707,1537-2707,journal-of-business-and-economic-statistics
"JOURNAL OF CORPORATE FINANCE: CONTRACTING, GOVERNANCE AND ORGANIZATION",FIN,Finance,1,0929-1199,1872-6313,1872-6313,journal-of-corporate-finance-contracting-governance-and-organization
JOURNAL OF FINANCIAL AND QUANTITATIVE ANALYSIS,FIN,Finance,1,0022-1090,1756-6916,1756-6916,journal-of-financial-and-quantitative-analysis
JOURNAL OF FINANCIAL INTERMEDIATION,FIN,Finance,1,1042-9573,1096-0473,1096-0473,journal-of-financial-intermediation
"JOURNAL OF MONEY, CREDIT AND BANKING",FIN,Finance,1,0022-2879,1538-4616,1538-4616,journal-of-money-credit-and-banking
REVIEW OF FINANCE,FIN,Finance,1,1572-3097,1573-692X,1573-692X,review-of-finance
FINANCE,FIN,Finance,2,0752-6180,2101-0145,2101-0145,finance
FINANCE AND STOCHASTICS,FIN,Finance,2,0949-2984,1432-1122,1432-1122,finance-and-stochastics
FINANCIAL ANALYSTS JOURNAL,FIN,Finance,2,0015-198X,1938-3312,1938-3312,financial-analysts-journal
FINANCIAL MANAGEMENT,FIN,Finance,2,0046-3892,1755-053X,1755-053X,financial-management
JOURNAL OF EMPIRICAL FINANCE,FIN,Finance,2,0927-5398,1879-1727,1879-1727,journal-of-empirical-finance
JOURNAL OF FINANCIAL ECONOMETRICS,FIN,Finance,2,1479-8409,1479-8417,1479-8417,journal-of-financial-econometrics
JOURNAL OF FINANCIAL MARKETS,FIN,Finance,2,1386-4181,1878-576X,1878-576X,journal-of-financial-markets
JOURNAL OF FINANCIAL STABILITY,FIN,Finance,2,1572-3089,1878-0962,1878-0962,journal-of-financial-stability
JOURNAL OF INTERNATIONAL MONEY AND FINANCE,FIN,Finance,2,0261-5606,1873-0639,1873-0639,journal-of-international-money-and-finance
JOURNAL OF RISK AND INSURANCE,FIN,Finance,2,0022-4367,1539-6975,1539-6975,journal-of-risk-and-insurance
JOURNAL OF RISK AND UNCERTAINTY,FIN,Finance,2,0895-5646,1573-0476,1573-0476,journal-of-risk-and-uncertainty
MATHEMATICAL FINANCE,FIN,Finance,2,0960-1627,1467-9965,1467-9965,mathematical-finance
REVIEW OF CORPORATE FINANCE STUDIES,FIN,Finance,2,2046-9136,2046-9136,2046-9136,review-of-corporate-finance-studies
APPLIED ECONOMICS,FIN,Finance,3,0003-6846,1466-4283,1466-4283,applied-economics
ASTIN BULLETIN,FIN,Finance,3,0515-0361,1783-1350,1783-1350,astin-bulletin
ECONOMIC MODELLING,FIN,Finance,3,0264-9993,1873-6122,1873-6122,economic-modelling
EMERGING MARKETS REVIEW,FIN,Finance,3,1566-0141,1873-6173,1873-6173,emerging-markets-review
EUROPEAN FINANCIAL MANAGEMENT,FIN,Finance,3,1354-7798,1468-036X,1468-036X,european-financial-management
FINANCE CONTRÔLE STRATÉGIE,FIN,Finance,3,1287-1141,2261-5512,2261-5512,finance-controle-strategie
FINANCE RESEARCH LETTERS,FIN,Finance,3,1544-6123,1544-6131,1544-6131,finance-research-letters
"FINANCIAL MARKETS, INSTITUTIONS AND INSTRUMENTS",FIN,Finance,3,0963-8008,1468-0416,1468-0416,financial-markets-institutions-and-instruments
FINANCIAL REVIEW,FIN,Finance,3,0732-8516,1540-6288,1540-6288,financial-review
GENEVA PAPERS ON RISK AND INSURANCE: ISSUES AND PRACTICE,FIN,Finance,3,1018-5895,1468-0440,1468-0440,geneva-papers-on-risk-and-insurance-issues-and-practice
INSURANCE: MATHEMATICS AND ECONOMICS,FIN,Finance,3,0167-6687,1873-5959,1873-5959,insurance-mathematics-and-economics
INTERNATIONAL JOURNAL OF FINANCE AND ECONOMICS,FIN,Finance,3,1076-9307,1099-1158,1099-1158,international-journal-of-finance-and-economics
INTERNATIONAL REVIEW OF ECONOMICS AND FINANCE,FIN,Finance,3,1059-0560,1873-8036,1873-8036,international-review-of-economics-and-finance
INTERNATIONAL REVIEW OF FINANCIAL ANALYSIS,FIN,Finance,3,1057-5219,1873-8079,1873-8079,international-review-of-financial-analysis
JOURNAL OF COMMODITY MARKETS,FIN,Finance,3,2405-8505,2405-8513,2405-8513,journal-of-commodity-markets
JOURNAL OF DERIVATIVES,FIN,Finance,3,1074-1240,2168-8524,2168-8524,journal-of-derivatives
JOURNAL OF FINANCIAL RESEARCH,FIN,Finance,3,0270-2592,1475-6803,1475-6803,journal-of-financial-research
JOURNAL OF FINANCIAL SERVICES RESEARCH,FIN,Finance,3,0920-8550,1573-0735,1573-0735,journal-of-financial-services-research
JOURNAL OF FIXED INCOME,FIN,Finance,3,1059-8596,1059-8596,1059-8596,journal-of-fixed-income
JOURNAL OF FUTURES MARKETS,FIN,Finance,3,0270-7314,1096-9934,1096-9934,journal-of-futures-markets
"JOURNAL OF INTERNATIONAL FINANCIAL MARKETS, INSTITUTIONS AND MONEY",FIN,Finance,3,1042-4431,1873-0612,1873-0612,journal-of-international-financial-markets-institutions-and-money
JOURNAL OF PORTFOLIO MANAGEMENT,FIN,Finance,3,0095-4918,2168-8656,2168-8656,journal-of-portfolio-management
JOURNAL OF REAL ESTATE FINANCE AND ECONOMICS,FIN,Finance,3,0895-5638,1573-045X,1573-045X,journal-of-real-estate-finance-and-economics
NORTH AMERICAN ACTUARIAL JOURNAL,FIN,Finance,3,1092-0277,2325-0453,2325-0453,north-american-actuarial-journal
PACIFIC BASIN FINANCE JOURNAL,FIN,Finance,3,0927-538X,1879-0585,1879-0585,pacific-basin-finance-journal
QUANTITATIVE FINANCE,FIN,Finance,3,1469-7688,1469-7696,1469-7696,quantitative-finance
REAL ESTATE ECONOMICS,FIN,Finance,3,1080-8620,1540-6229,1540-6229,real-estate-economics
RESEARCH IN INTERNATIONAL BUSINESS AND FINANCE,FIN,Finance,3,0275-5319,1878-3384,1878-3384,research-in-international-business-and-finance
REVIEW OF ASSET PRICING STUDIES,FIN,Finance,3,2045-9939,2045-9939,2045-9939,review-of-asset-pricing-studies
REVIEW OF DERIVATIVES RESEARCH,FIN,Finance,3,1380-6645,1573-7144,1573-7144,review-of-derivatives-research
REVIEW OF QUANTITATIVE FINANCE AND ACCOUNTING,FIN,Finance,3,0924-865X,1573-7179,1573-7179,review-of-quantitative-finance-and-accounting
THE EUROPEAN JOURNAL OF FINANCE,FIN,Finance,3,1351-847X,1466-4364,1466-4364,the-european-journal-of-finance
THE GENEVA RISK AND INSURANCE REVIEW,FIN,Finance,3,1554-964X,1554-9658,1554-9658,the-geneva-risk-and-insurance-review
THE QUARTERLY REVIEW OF ECONOMICS AND FINANCE,FIN,Finance,3,1062-9769,1878-4259,1878-4259,the-quarterly-review-of-economics-and-finance
JOURNAL OF APPLIED PSYCHOLOGY,HRM,GRH,1*,0021-9010,1939-1854,1939-1854,journal-of-applied-psychology
PERSONNEL PSYCHOLOGY,HRM,GRH,1*,0031-5826,1744-6570,1744-6570,personnel-psychology
BRITISH JOURNAL OF INDUSTRIAL RELATIONS,HRM,GRH,1,0007-1080,1467-8543,1467-8543,british-journal-of-industrial-relations
HUMAN RELATIONS,HRM,GRH,1,0018-7267,1741-282X,1741-282X,human-relations
HUMAN RESOURCE MANAGEMENT,HRM,GRH,1,0090-4848,1099-050X,1099-050X,human-resource-management
HUMAN RESOURCE MANAGEMENT JOURNAL,HRM,GRH,1,0954-5395,1748-8583,1748-8583,human-resource-management-journal
INDUSTRIAL RELATIONS: A JOURNAL OF ECONOMY AND SOCIETY,HRM,GRH,1,0019-8676,1468-232X,1468-232X,industrial-relations-a-journal-of-economy-and-society
JOURNAL OF LABOR ECONOMICS,HRM,GRH,1,0734-306X,1537-5307,1537-5307,journal-of-labor-economics
JOURNAL OF VOCATIONAL BEHAVIOR,HRM,GRH,1,0001-8791,1095-9084,1095-9084,journal-of-vocational-behavior
LEADERSHIP QUARTERLY,HRM,GRH,1,1048-9843,1873-3409,1873-3409,leadership-quarterly
ORGANIZATIONAL BEHAVIOR AND HUMAN DECISION PROCESSES,HRM,GRH,1,0749-5978,1095-9920,1095-9920,organizational-behavior-and-human-decision-processes
@GRH,HRM,GRH,2,2034-9130,2295-9149,2295-9149,grh
APPLIED PSYCHOLOGY: AN INTERNATIONAL REVIEW,HRM,GRH,2,0269-994X,1464-0597,1464-0597,applied-psychology-an-international-review
BUSINESS ETHICS QUARTERLY,HRM,GRH,2,1052-150X,2153-3326,2153-3326,business-ethics-quarterly
"GENDER, WORK AND ORGANIZATION",HRM,GRH,2,0968-6673,1468-0432,1468-0432,gender-work-and-organization
GROUP AND ORGANIZATION MANAGEMENT,HRM,GRH,2,1059-6011,1552-3993,1552-3993,group-and-organization-management
HUMAN RESOURCE MANAGEMENT REVIEW,HRM,GRH,2,1053-4822,1873-7889,1873-7889,human-resource-management-review
ILR REVIEW (INDUSTRIAL AND LABOR RELATIONS REVIEW),HRM,GRH,2,0019-7939,2162-271X,2162-271X,ilr-review-industrial-and-labor-relations-review
INTERNATIONAL JOURNAL OF HUMAN RESOURCE MANAGEMENT,HRM,GRH,2,0958-5192,1466-4399,1466-4399,international-journal-of-human-resource-management
JOURNAL OF BEHAVIORAL DECISION MAKING,HRM,GRH,2,0894-3257,1099-0771,1099-0771,journal-of-behavioral-decision-making
JOURNAL OF CONFLICT RESOLUTION,HRM,GRH,2,0022-0027,1552-8766,1552-8766,journal-of-conflict-resolution
JOURNAL OF HUMAN RESOURCES,HRM,GRH,2,0022-166X,1548-8004,1548-8004,journal-of-human-resources
JOURNAL OF OCCUPATIONAL AND ORGANIZATIONAL PSYCHOLOGY,HRM,GRH,2,0963-1798,2044-8325,2044-8325,journal-of-occupational-and-organizational-psychology
JOURNAL OF OCCUPATIONAL HEALTH PSYCHOLOGY,HRM,GRH,2,1076-8998,1939-1307,1939-1307,journal-of-occupational-health-psychology
LABOUR ECONOMICS,HRM,GRH,2,0927-5371,1879-1034,1879-1034,labour-economics
"NEW TECHNOLOGY, WORK AND EMPLOYMENT",HRM,GRH,2,0268-1072,1468-005X,1468-005X,new-technology-work-and-employment
REVUE DE GESTION DES RESSOURCES HUMAINES (RGRH),HRM,GRH,2,1163-913X,2271-2186,2271-2186,revue-de-gestion-des-ressources-humaines-rgrh
SOCIO-ECONOMIC REVIEW,HRM,GRH,2,1475-1461,1475-147X,1475-147X,socio-economic-review
"WORK, EMPLOYMENT AND SOCIETY",HRM,GRH,2,0950-0170,1469-8722,1469-8722,work-employment-and-society
"BUSINESS ETHICS, THE ENVIRONMENT & RESPONSIBILITY",HRM,GRH,3,0962-8770,1467-8608,1467-8608,business-ethics-the-environment-and-responsibility
ECONOMIC AND INDUSTRIAL DEMOCRACY,HRM,GRH,3,0143-831X,1461-7099,1461-7099,economic-and-industrial-democracy
EMPLOYEE RELATIONS,HRM,GRH,3,0142-5455,1758-7069,1758-7069,employee-relations
EUROPEAN JOURNAL OF INDUSTRIAL RELATIONS,HRM,GRH,3,0959-6801,1461-7129,1461-7129,european-journal-of-industrial-relations
EUROPEAN JOURNAL OF WORK & ORGANIZATIONAL PSYCHOLOGY,HRM,GRH,3,1359-432X,1464-0643,1464-0643,european-journal-of-work-and-organizational-psychology
GROUP DECISION AND NEGOTIATION,HRM,GRH,3,0926-2644,1572-9907,1572-9907,group-decision-and-negotiation
HUMAN PERFORMANCE,HRM,GRH,3,0895-9285,1532-7043,1532-7043,human-performance
INTERNATIONAL JOURNAL OF MANPOWER,HRM,GRH,3,0143-7720,1758-6577,1758-6577,international-journal-of-manpower
INTERNATIONAL JOURNAL OF SELECTION AND ASSESSMENT,HRM,GRH,3,0965-075X,1468-2389,1468-2389,international-journal-of-selection-and-assessment
INTERNATIONAL REVIEW OF ADMINISTRATIVE SCIENCES,HRM,GRH,3,0020-8523,1461-7226,1461-7226,international-review-of-administrative-sciences
JOURNAL OF BUSINESS AND PSYCHOLOGY,HRM,GRH,3,0889-3268,1573-353X,1573-353X,journal-of-business-and-psychology
JOURNAL OF CAREER ASSESSMENT,HRM,GRH,3,1069-0727,1552-4590,1552-4590,journal-of-career-assessment
JOURNAL OF ECONOMIC PSYCHOLOGY,HRM,GRH,3,0167-4870,1872-7719,1872-7719,journal-of-economic-psychology
JOURNAL OF MANAGERIAL PSYCHOLOGY,HRM,GRH,3,0268-3946,1758-7778,1758-7778,journal-of-managerial-psychology
PERSONNEL REVIEW,HRM,GRH,3,0048-3486,1758-6933,1758-6933,personnel-review
RELATIONS INDUSTRIELLES,HRM,GRH,3,0034-379X,1703-8138,1703-8138,relations-industrielles
WORK AND OCCUPATIONS,HRM,GRH,3,0730-8884,1552-8464,1552-8464,work-and-occupations
WORK AND STRESS,HRM,GRH,3,0267-8373,1464-5335,1464-5335,work-and-stress
BUSINESS HISTORY,BUS HIST,Histoire des affaires,2,0007-6791,1743-7938,1743-7938,business-history
BUSINESS HISTORY REVIEW,BUS HIST,Histoire des affaires,2,0007-6805,2044-768X,2044-768X,business-history-review
ACCOUNTING HISTORY,BUS HIST,Histoire des affaires,3,1032-3732,1749-3374,1749-3374,accounting-history
"ACCOUNTING HISTORY REVIEW (FORMERLY: ACCOUNTING, BUSINESS AND FINANCIAL HISTORY)",BUS HIST,Histoire des affaires,3,2155-2851,2155-286X,2155-286X,accounting-history-review-formerly-accounting-business-and-financial-history
ENTERPRISE & SOCIETY,BUS HIST,Histoire des affaires,3,1467-2227,1467-2235,1467-2235,enterprise-and-society
EUROPEAN JOURNAL OF THE HISTORY OF ECONOMIC THOUGHT,BUS HIST,Histoire des affaires,3,0967-2567,1469-5936,1469-5936,european-journal-of-the-history-of-economic-thought
HISTORY OF POLITICAL ECONOMY,BUS HIST,Histoire des affaires,3,0018-2702,1527-1919,1527-1919,history-of-political-economy
ENTREPRENEURSHIP THEORY AND PRACTICE,INNOV,Innovation,1*,1042-2587,1540-6520,1540-6520,entrepreneurship-theory-and-practice
JOURNAL OF BUSINESS VENTURING,INNOV,Innovation,1*,0883-9026,1873-2003,1873-2003,journal-of-business-venturing
RESEARCH POLICY,INNOV,Innovation,1*,0048-7333,1873-7625,1873-7625,research-policy
JOURNAL OF PRODUCT INNOVATION MANAGEMENT,INNOV,Innovation,1,0737-6782,1540-5885,1540-5885,journal-of-product-innovation-management
STRATEGIC ENTREPRENEURSHIP JOURNAL,INNOV,Innovation,1,1932-4391,1932-443X,1932-443X,strategic-entrepreneurship-journal
ENTREPRENEURSHIP AND REGIONAL DEVELOPMENT,INNOV,Innovation,2,0898-5626,1464-5114,1464-5114,entrepreneurship-and-regional-development
FAMILY BUSINESS REVIEW,INNOV,Innovation,2,0894-4865,1741-6248,1741-6248,family-business-review
"INNOVATIONS, REVUE D'ÉCONOMIE ET DE MANAGEMENT DE L'INNOVATION",INNOV,Innovation,2,1267-4982,1965-0256,1965-0256,innovations-revue-d-economie-et-de-management-de-l-innovation
INTERNATIONAL SMALL BUSINESS JOURNAL,INNOV,Innovation,2,0266-2426,1741-2870,1741-2870,international-small-business-journal
JOURNAL OF SMALL BUSINESS MANAGEMENT,INNOV,Innovation,2,0047-2778,1540-627X,1540-627X,journal-of-small-business-management
JOURNAL OF TECHNOLOGY TRANSFER,INNOV,Innovation,2,0892-9912,1573-7047,1573-7047,journal-of-technology-transfer
R&D MANAGEMENT,INNOV,Innovation,2,0033-6807,1467-9310,1467-9310,randd-management
REVUE DE L'ENTREPRENEURIAT,INNOV,Innovation,2,1766-2524,1630-7542,1630-7542,revue-de-l-entrepreneuriat
REVUE INTERNATIONALE PME (RIPME),INNOV,Innovation,2,0776-5436,1918-9699,1918-9699,revue-internationale-pme-ripme
SMALL BUSINESS ECONOMICS,INNOV,Innovation,2,0921-898X,1573-0913,1573-0913,small-business-economics
TECHNOLOGICAL FORECASTING AND SOCIAL CHANGE,INNOV,Innovation,2,0040-1625,1873-5509,1873-5509,technological-forecasting-and-social-change
TECHNOVATION,INNOV,Innovation,2,0166-4972,1879-2383,1879-2383,technovation
CREATIVITY AND INNOVATION MANAGEMENT,INNOV,Innovation,3,0963-1690,1467-8691,1467-8691,creativity-and-innovation-management
ECONOMICS OF INNOVATION AND NEW TECHNOLOGY,INNOV,Innovation,3,1043-8599,1476-8364,1476-8364,economics-of-innovation-and-new-technology
ENTREPRENEURSHIP RESEARCH JOURNAL,INNOV,Innovation,3,2157-5665,2157-5665,2157-5665,entrepreneurship-research-journal
EUROPEAN JOURNAL OF INNOVATION MANAGEMENT,INNOV,Innovation,3,1460-1060,1758-7115,1758-7115,european-journal-of-innovation-management
FUTURES,INNOV,Innovation,3,0016-3287,1873-6378,1873-6378,futures
GROWTH AND CHANGE,INNOV,Innovation,3,0017-4815,1468-2257,1468-2257,growth-and-change
INDUSTRY AND INNOVATION,INNOV,Innovation,3,1366-2716,1469-8390,1469-8390,industry-and-innovation
"INNOVATION: ORGANIZATION & MANAGEMENT (FORMERLY: INNOVATION: MANAGEMENT, POLICY AND PRACTICE)",INNOV,Innovation,3,1447-9338,2204-0226,2204-0226,innovation-organization-and-management-formerly-innovation-management-policy-and-practice
INTERNATIONAL ENTREPRENEURSHIP AND MANAGEMENT JOURNAL,INNOV,Innovation,3,1554-7191,1555-1938,1555-1938,international-entrepreneurship-and-management-journal
INTERNATIONAL JOURNAL OF ENTREPRENEURIAL BEHAVIOUR AND RESEARCH,INNOV,Innovation,3,1355-2554,1758-6534,1758-6534,international-journal-of-entrepreneurial-behaviour-and-research
INTERNATIONAL JOURNAL OF TECHNOLOGY MANAGEMENT,INNOV,Innovation,3,0267-5730,1741-5276,1741-5276,international-journal-of-technology-management
JOURNAL OF ENGINEERING AND TECHNOLOGY MANAGEMENT,INNOV,Innovation,3,0923-4748,1879-1719,1879-1719,journal-of-engineering-and-technology-management
JOURNAL OF FAMILY BUSINESS STRATEGY,INNOV,Innovation,3,1877-8585,1877-8593,1877-8593,journal-of-family-business-strategy
JOURNAL OF INNOVATION AND KNOWLEDGE,INNOV,Innovation,3,2444-569X,2530-7614,2530-7614,journal-of-innovation-and-knowledge
JOURNAL OF INTELLECTUAL CAPITAL,INNOV,Innovation,3,1469-1930,1758-7468,1758-7468,journal-of-intellectual-capital
JOURNAL OF QUALITY TECHNOLOGY,INNOV,Innovation,3,0022-4065,2575-6230,2575-6230,journal-of-quality-technology
SCIENCE TECHNOLOGY AND HUMAN VALUES,INNOV,Innovation,3,0162-2439,1552-8251,1552-8251,science-technology-and-human-values
SCIENTOMETRICS,INNOV,Innovation,3,0138-9130,1588-2861,1588-2861,scientometrics
JOURNAL OF INTERNATIONAL BUSINESS STUDIES,INT,International,1*,0047-2506,1478-6990,1478-6990,journal-of-international-business-studies
JOURNAL OF WORLD BUSINESS,INT,International,1,1090-9516,1878-5573,1878-5573,journal-of-world-business
INTERNATIONAL BUSINESS REVIEW,INT,International,2,0969-5931,1873-6149,1873-6149,international-business-review
JOURNAL OF INTERNATIONAL MANAGEMENT,INT,International,2,1075-4253,1873-0620,1873-0620,journal-of-international-management
MANAGEMENT INTERNATIONAL,INT,International,2,1206-1697,1918-9222,1918-9222,management-international
WORLD DEVELOPMENT,INT,International,2,0305-750X,1873-5991,1873-5991,world-development
CRITICAL PERSPECTIVES ON INTERNATIONAL BUSINESS,INT,International,3,1742-2043,1758-6062,1758-6062,critical-perspectives-on-international-business
CROSS-CULTURAL MANAGEMENT: AN INTERNATIONAL JOURNAL (FORMELY: CROSS CULTURAL & STRATEGIC MANAGEMENT),INT,International,3,2059-5794,2059-5794,2059-5794,cross-cultural-management-an-international-journal-formely-cross-cultural-and-strategic-management
JOURNAL OF DEVELOPMENT STUDIES,INT,International,3,0022-0388,1743-9140,1743-9140,journal-of-development-studies
JOURNAL OF INDUSTRIAL ECONOMICS,INT,International,3,0022-1821,1467-6451,1467-6451,journal-of-industrial-economics
MANAGEMENT INTERNATIONAL REVIEW,INT,International,3,0938-8249,1861-8901,1861-8901,management-international-review
MULTINATIONAL BUSINESS REVIEW,INT,International,3,1525-383X,2054-1686,2054-1686,multinational-business-review
THUNDERBIRD INTERNATIONAL BUSINESS REVIEW,INT,International,3,1096-4762,1520-6874,1520-6874,thunderbird-international-business-review
WORLD BANK ECONOMIC REVIEW,INT,International,3,0258-6770,1564-698X,1564-698X,world-bank-economic-review
JOURNAL OF OPERATIONS MANAGEMENT,LOG,Logistique,1*,0272-6963,1873-1317,1873-1317,journal-of-operations-management
INTERNATIONAL JOURNAL OF OPERATIONS AND PRODUCTION MANAGEMENT,LOG,Logistique,1,0144-3577,1758-6593,1758-6593,international-journal-of-operations-and-production-management
JOURNAL OF SUPPLY CHAIN MANAGEMENT,LOG,Logistique,1,1523-2409,1745-493X,1745-493X,journal-of-supply-chain-management
MANUFACTURING AND SERVICE OPERATIONS MANAGEMENT,LOG,Logistique,1,1523-4614,1526-5498,1526-5498,manufacturing-and-service-operations-management
PRODUCTION AND OPERATIONS MANAGEMENT,LOG,Logistique,1,1059-1478,1937-5956,1937-5956,production-and-operations-management
TRANSPORTATION RESEARCH PART E: LOGISTICS AND TRANSPORTATION REVIEW,LOG,Logistique,1,1366-5545,1878-5794,1878-5794,transportation-research-part-e-logistics-and-transportation-review
INTERNATIONAL JOURNAL OF PHYSICAL DISTRIBUTION AND LOGISTICS MANAGEMENT,LOG,Logistique,2,0960-0035,1758-664X,1758-664X,international-journal-of-physical-distribution-and-logistics-management
INTERNATIONAL JOURNAL OF PRODUCTION ECONOMICS,LOG,Logistique,2,0925-5273,1873-7579,1873-7579,international-journal-of-production-economics
INTERNATIONAL JOURNAL OF PRODUCTION RESEARCH,LOG,Logistique,2,0020-7543,1366-588X,1366-588X,international-journal-of-production-research
INTERNATIONAL JOURNAL OF PROJECT MANAGEMENT,LOG,Logistique,2,0263-7863,1873-4634,1873-4634,international-journal-of-project-management
JOURNAL OF BUSINESS LOGISTICS,LOG,Logistique,2,0735-3766,2158-1592,2158-1592,journal-of-business-logistics
JOURNAL OF PURCHASING AND SUPPLY MANAGEMENT,LOG,Logistique,2,1478-4092,1873-6505,1873-6505,journal-of-purchasing-and-supply-management
PRODUCTION PLANNING AND CONTROL,LOG,Logistique,2,0953-7287,1366-5871,1366-5871,production-planning-and-control
SUPPLY CHAIN MANAGEMENT: AN INTERNATIONAL JOURNAL,LOG,Logistique,2,1359-8546,1758-6852,1758-6852,supply-chain-management-an-international-journal
INTERNATIONAL JOURNAL OF LOGISTICS: RESEARCH AND APPLICATIONS,LOG,Logistique,3,1367-5567,1469-848X,1469-848X,international-journal-of-logistics-research-and-applications
JOURNAL OF CLEANER PRODUCTION,LOG,Logistique,3,0959-6526,1879-1786,1879-1786,journal-of-cleaner-production
LOGISTIQUE ET MANAGEMENT,LOG,Logistique,3,1250-7970,2377-9640,2377-9640,logistique-et-management
SUPPLY CHAIN FORUM : AN INTERNATIONAL JOURNAL,LOG,Logistique,3,1625-8312,1624-6039,1624-6039,supply-chain-forum-an-international-journal
THE INTERNATIONAL JOURNAL OF LOGISTICS MANAGEMENT,LOG,Logistique,3,0957-4093,1758-6550,1758-6550,the-international-journal-of-logistics-management
ACADEMY OF MANAGEMENT JOURNAL,GEN MAN,Management général,1*,0001-4273,1948-0989,1948-0989,academy-of-management-journal
ACADEMY OF MANAGEMENT REVIEW,GEN MAN,Management général,1*,0363-7425,1930-3807,1930-3807,academy-of-management-review
JOURNAL OF POLITICAL ECONOMY,GEN MAN,Management général,1*,0022-3808,1537-534X,1537-534X,journal-of-political-economy
MANAGEMENT SCIENCE,GEN MAN,Management général,1*,0025-1909,1526-5501,1526-5501,management-science
OPERATIONS RESEARCH,GEN MAN,Management général,1*,0030-364X,1526-5463,1526-5463,operations-research
ACADEMY OF MANAGEMENT ANNALS,GEN MAN,Management général,1,1941-6067,1941-6520,1941-6520,academy-of-management-annals
EUROPEAN JOURNAL OF OPERATIONAL RESEARCH,GEN MAN,Management général,1,0377-2217,1872-6860,1872-6860,european-journal-of-operational-research
JOURNAL OF BUSINESS ETHICS,GEN MAN,Management général,1,0167-4544,1573-0697,1573-0697,journal-of-business-ethics
JOURNAL OF MANAGEMENT,GEN MAN,Management général,1,0149-2063,1557-1211,1557-1211,journal-of-management
JOURNAL OF MANAGEMENT STUDIES,GEN MAN,Management général,1,0022-2380,1467-6486,1467-6486,journal-of-management-studies
RAND JOURNAL OF ECONOMICS,GEN MAN,Management général,1,0741-6261,1756-2171,1756-2171,rand-journal-of-economics
ACADEMY OF MANAGEMENT PERSPECTIVES,GEN MAN,Management général,2,1558-9080,1558-9080,1558-9080,academy-of-management-perspectives
ANNALS OF OPERATIONS RESEARCH,GEN MAN,Management général,2,0254-5330,1572-9338,1572-9338,annals-of-operations-research
BRITISH JOURNAL OF MANAGEMENT,GEN MAN,Management général,2,1045-3172,1467-8551,1467-8551,british-journal-of-management
CALIFORNIA MANAGEMENT REVIEW,GEN MAN,Management général,2,0008-1256,2162-8564,2162-8564,california-management-review
EUROPEAN MANAGEMENT REVIEW,GEN MAN,Management général,2,1740-4754,1740-4762,1740-4762,european-management-review
HARVARD BUSINESS REVIEW,GEN MAN,Management général,2,0017-8012,0017-8012,0017-8012,harvard-business-review
INDUSTRIAL AND CORPORATE CHANGE,GEN MAN,Management général,2,0960-6491,1464-3650,1464-3650,industrial-and-corporate-change
INTERNATIONAL JOURNAL OF MANAGEMENT REVIEWS,GEN MAN,Management général,2,1460-8545,1468-2370,1468-2370,international-journal-of-management-reviews
JOURNAL OF ECONOMIC DYNAMICS AND CONTROL,GEN MAN,Management général,2,0165-1889,1879-1743,1879-1743,journal-of-economic-dynamics-and-control
JOURNAL OF LAW AND ECONOMICS,GEN MAN,Management général,2,0022-2186,1537-5285,1537-5285,journal-of-law-and-economics
"JOURNAL OF LAW, ECONOMICS, AND ORGANIZATION",GEN MAN,Management général,2,1465-7341,8756-6222,8756-6222,journal-of-law-economics-and-organization
JOURNAL OF MANAGEMENT INQUIRY,GEN MAN,Management général,2,1056-4926,1552-6542,1552-6542,journal-of-management-inquiry
JOURNAL OF THE OPERATIONAL RESEARCH SOCIETY,GEN MAN,Management général,2,0160-5682,1476-9360,1476-9360,journal-of-the-operational-research-society
MIT SLOAN MANAGEMENT REVIEW,GEN MAN,Management général,2,1532-9194,1532-9194,1532-9194,mit-sloan-management-review
OMEGA: THE INTERNATIONAL JOURNAL OF MANAGEMENT SCIENCE,GEN MAN,Management général,2,0305-0483,1873-5274,1873-5274,omega-the-international-journal-of-management-science
REVUE CANADIENNE DES SCIENCES DE L'ADMINISTRATION (CJAS),GEN MAN,Management général,2,0825-0383,1936-4490,1936-4490,revue-canadienne-des-sciences-de-l-administration-cjas
REVUE FRANÇAISE DE GESTION,GEN MAN,Management général,2,0338-4551,1777-5663,1777-5663,revue-francaise-de-gestion
ACADEMY OF MANAGEMENT DISCOVERIES,GEN MAN,Management général,3,2168-1007,2168-1007,2168-1007,academy-of-management-discoveries
ASIA PACIFIC JOURNAL OF MANAGEMENT,GEN MAN,Management général,3,0217-4561,1572-9958,1572-9958,asia-pacific-journal-of-management
BUSINESS HORIZONS,GEN MAN,Management général,3,0007-6813,1873-6068,1873-6068,business-horizons
COMPETITION AND CHANGE,GEN MAN,Management général,3,1024-5294,1477-2221,1477-2221,competition-and-change
CORPORATE GOVERNANCE: AN INTERNATIONAL REVIEW,GEN MAN,Management général,3,0964-8410,1467-8683,1467-8683,corporate-governance-an-international-review
CORPORATE SOCIAL RESPONSIBILITY AND ENVIRONMENTAL MANAGEMENT,GEN MAN,Management général,3,1535-3958,1535-3966,1535-3966,corporate-social-responsibility-and-environmental-management
ECONOMICA,GEN MAN,Management général,3,0013-0427,1468-0335,1468-0335,economica
EUROPEAN BUSINESS REVIEW,GEN MAN,Management général,3,0955-534X,1758-7107,1758-7107,european-business-review
EUROPEAN MANAGEMENT JOURNAL,GEN MAN,Management général,3,0263-2373,1873-5681,1873-5681,european-management-journal
INFORMS JOURNAL ON APPLIED ANALYTICS,GEN MAN,Management général,3,0092-2102,1526-551X,1526-551X,informs-journal-on-applied-analytics
JOURNAL OF PRODUCTIVITY ANALYSIS,GEN MAN,Management général,3,0895-562X,1573-0441,1573-0441,journal-of-productivity-analysis
JOURNAL OF SERVICE MANAGEMENT,GEN MAN,Management général,3,1757-5818,1757-5826,1757-5826,journal-of-service-management
MANAGEMENT & PROSPECTIVE (GESTION 2000),GEN MAN,Management général,3,0773-0543,2406-4734,2406-4734,management-and-prospective-gestion-2000
MANAGEMENT DECISION,GEN MAN,Management général,3,0025-1747,1758-6070,1758-6070,management-decision
MANAGERIAL AND DECISION ECONOMICS,GEN MAN,Management général,3,0143-6570,1099-1468,1099-1468,managerial-and-decision-economics
RECHERCHES EN SCIENCES DE GESTION - MANAGEMENT SCIENCES - CIENCIAS DE GESTION,GEN MAN,Management général,3,2259-6372,2271-2836,2271-2836,recherches-en-sciences-de-gestion-management-sciences-ciencias-de-gestion
RESEARCH-TECHNOLOGY MANAGEMENT,GEN MAN,Management général,3,0895-6308,1930-0166,1930-0166,research-technology-management
REVIEW OF MANAGERIAL SCIENCE,GEN MAN,Management général,3,1863-6683,1863-6691,1863-6691,review-of-managerial-science
SCANDINAVIAN JOURNAL OF MANAGEMENT,GEN MAN,Management général,3,0956-5221,1873-3387,1873-3387,scandinavian-journal-of-management
THE JOURNAL OF APPLIED BEHAVIORAL SCIENCE,GEN MAN,Management général,3,0021-8863,1552-6879,1552-6879,the-journal-of-applied-behavioral-science
JOURNAL OF PUBLIC ECONOMICS,PUB MAN,Management public,1,0047-2727,0047-2727,0047-2727,journal-of-public-economics
PUBLIC ADMINISTRATION REVIEW,PUB MAN,Management public,1,0033-3352,1540-6210,1540-6210,public-administration-review
GOVERNANCE,PUB MAN,Management public,2,0952-1895,1468-0491,1468-0491,governance
JOURNAL OF ACCOUNTING AND PUBLIC POLICY,PUB MAN,Management public,2,0278-4254,1873-2070,1873-2070,journal-of-accounting-and-public-policy
JOURNAL OF EUROPEAN PUBLIC POLICY,PUB MAN,Management public,2,1350-1763,1466-4429,1466-4429,journal-of-european-public-policy
JOURNAL OF PUBLIC ADMINISTRATION RESEARCH AND THEORY,PUB MAN,Management public,2,1053-1858,1477-9803,1477-9803,journal-of-public-administration-research-and-theory
PUBLIC ADMINISTRATION: AN INTERNATIONAL QUARTERLY,PUB MAN,Management public,2,0033-3298,1467-9299,1467-9299,public-administration-an-international-quarterly
PUBLIC MANAGEMENT REVIEW,PUB MAN,Management public,2,1471-9037,1471-9045,1471-9045,public-management-review
ADMINISTRATION AND SOCIETY,PUB MAN,Management public,3,0095-3997,1552-3039,1552-3039,administration-and-society
AMERICAN REVIEW OF PUBLIC ADMINISTRATION,PUB MAN,Management public,3,0275-0740,1552-3357,1552-3357,american-review-of-public-administration
"EVALUATION: THE INTERNATIONAL JOURNAL OF THEORY, RESEARCH AND PRACTICE",PUB MAN,Management public,3,1356-3890,1461-7153,1461-7153,evaluation-the-international-journal-of-theory-research-and-practice
GESTION ET MANAGEMENT PUBLIC,PUB MAN,Management public,3,,2116-8865,2116-8865,gestion-et-management-public
INTERNATIONAL JOURNAL OF PUBLIC ADMINISTRATION,PUB MAN,Management public,3,0190-0692,1532-4265,1532-4265,international-journal-of-public-administration
INTERNATIONAL JOURNAL OF URBAN AND REGIONAL RESEARCH,PUB MAN,Management public,3,0309-1317,1468-2427,1468-2427,international-journal-of-urban-and-regional-research
INTERNATIONAL STUDIES OF MANAGEMENT AND ORGANIZATION,PUB MAN,Management public,3,0020-8825,1558-0911,1558-0911,international-studies-of-management-and-organization
JOURNAL OF POLICY ANALYSIS AND MANAGEMENT,PUB MAN,Management public,3,0276-8739,1520-6688,1520-6688,journal-of-policy-analysis-and-management
LOCAL GOVERNMENT STUDIES,PUB MAN,Management public,3,0300-3930,1743-9388,1743-9388,local-government-studies
POLICY AND POLITICS,PUB MAN,Management public,3,0305-5736,1470-8442,1470-8442,policy-and-politics
PUBLIC ADMINISTRATION AND DEVELOPMENT,PUB MAN,Management public,3,0271-2075,1099-162X,1099-162X,public-administration-and-development
PUBLIC MONEY AND MANAGEMENT,PUB MAN,Management public,3,0954-0962,1467-9302,1467-9302,public-money-and-management
JOURNAL OF CONSUMER RESEARCH,MKG,Marketing,1*,0093-5301,1537-5277,1537-5277,journal-of-consumer-research
JOURNAL OF MARKETING,MKG,Marketing,1*,0022-2429,1547-7185,1547-7185,journal-of-marketing
JOURNAL OF MARKETING RESEARCH,MKG,Marketing,1*,0022-2437,1547-7193,1547-7193,journal-of-marketing-research
MARKETING SCIENCE,MKG,Marketing,1*,0732-2399,1526-548X,1526-548X,marketing-science
INTERNATIONAL JOURNAL OF RESEARCH IN MARKETING,MKG,Marketing,1,0167-8116,1873-8001,1873-8001,international-journal-of-research-in-marketing
JOURNAL OF CONSUMER PSYCHOLOGY,MKG,Marketing,1,1057-7408,1532-7663,1532-7663,journal-of-consumer-psychology
JOURNAL OF RETAILING,MKG,Marketing,1,0022-4359,1873-3271,1873-3271,journal-of-retailing
JOURNAL OF SERVICE RESEARCH,MKG,Marketing,1,1094-6705,1552-7379,1552-7379,journal-of-service-research
JOURNAL OF THE ACADEMY OF MARKETING SCIENCE,MKG,Marketing,1,0092-0703,1552-7824,1552-7824,journal-of-the-academy-of-marketing-science
EUROPEAN JOURNAL OF MARKETING,MKG,Marketing,2,0309-0566,1758-7123,1758-7123,european-journal-of-marketing
INDUSTRIAL MARKETING MANAGEMENT,MKG,Marketing,2,0019-8501,1873-2062,1873-2062,industrial-marketing-management
INTERNATIONAL MARKETING REVIEW,MKG,Marketing,2,0265-1335,1758-6763,1758-6763,international-marketing-review
JOURNAL OF ADVERTISING,MKG,Marketing,2,0091-3367,1557-7805,1557-7805,journal-of-advertising
JOURNAL OF ADVERTISING RESEARCH,MKG,Marketing,2,0021-8499,1740-1909,1740-1909,journal-of-advertising-research
JOURNAL OF BUSINESS RESEARCH,MKG,Marketing,2,0148-2963,1873-7978,1873-7978,journal-of-business-research
JOURNAL OF INTERACTIVE MARKETING,MKG,Marketing,2,1094-9968,1520-6653,1520-6653,journal-of-interactive-marketing
JOURNAL OF INTERNATIONAL MARKETING,MKG,Marketing,2,1069-031X,1547-7215,1547-7215,journal-of-international-marketing
JOURNAL OF PERSONALITY AND SOCIAL PSYCHOLOGY,MKG,Marketing,2,0022-3514,1939-1315,1939-1315,journal-of-personality-and-social-psychology
JOURNAL OF PUBLIC POLICY AND MARKETING,MKG,Marketing,2,0743-9156,1547-7207,1547-7207,journal-of-public-policy-and-marketing
MARKETING LETTERS,MKG,Marketing,2,0923-0645,1573-059X,1573-059X,marketing-letters
PSYCHOLOGICAL SCIENCE,MKG,Marketing,2,0956-7976,1467-9280,1467-9280,psychological-science
PSYCHOLOGY AND MARKETING,MKG,Marketing,2,0742-6046,1520-6793,1520-6793,psychology-and-marketing
QUANTITATIVE MARKETING AND ECONOMICS,MKG,Marketing,2,1570-7156,1573-711X,1573-711X,quantitative-marketing-and-economics
RECHERCHE ET APPLICATIONS EN MARKETING,MKG,Marketing,2,0767-3701,2051-2821,2051-2821,recherche-et-applications-en-marketing
"CONSUMPTION, MARKETS AND CULTURE",MKG,Marketing,3,1025-3866,1477-223X,1477-223X,consumption-markets-and-culture
DÉCISIONS MARKETING,MKG,Marketing,3,0779-7389,2269-8469,2269-8469,decisions-marketing
FOOD POLICY,MKG,Marketing,3,0306-9192,1873-5657,1873-5657,food-policy
INTERNATIONAL JOURNAL OF ADVERTISING,MKG,Marketing,3,0265-0487,1759-3948,1759-3948,international-journal-of-advertising
INTERNATIONAL JOURNAL OF CONSUMER STUDIES,MKG,Marketing,3,1470-6423,1470-6431,1470-6431,international-journal-of-consumer-studies
INTERNATIONAL JOURNAL OF MARKET RESEARCH,MKG,Marketing,3,1470-7853,2515-2173,2515-2173,international-journal-of-market-research
INTERNATIONAL JOURNAL OF RETAIL AND DISTRIBUTION MANAGEMENT,MKG,Marketing,3,0959-0552,1758-6690,1758-6690,international-journal-of-retail-and-distribution-management
JOURNAL OF BRAND MANAGEMENT,MKG,Marketing,3,1350-231X,1479-1803,1479-1803,journal-of-brand-management
JOURNAL OF BUSINESS & INDUSTRIAL MARKETING,MKG,Marketing,3,0885-8624,2052-1189,2052-1189,journal-of-business-and-industrial-marketing
JOURNAL OF CONSUMER AFFAIRS,MKG,Marketing,3,0022-0078,1745-6606,1745-6606,journal-of-consumer-affairs
JOURNAL OF CONSUMER BEHAVIOUR,MKG,Marketing,3,1472-0817,1479-1838,1479-1838,journal-of-consumer-behaviour
JOURNAL OF EXPERIMENTAL SOCIAL PSYCHOLOGY,MKG,Marketing,3,0022-1031,1096-0465,1096-0465,journal-of-experimental-social-psychology
JOURNAL OF MACROMARKETING,MKG,Marketing,3,0276-1467,1552-6534,1552-6534,journal-of-macromarketing
JOURNAL OF MARKETING MANAGEMENT,MKG,Marketing,3,0267-257X,1472-1376,1472-1376,journal-of-marketing-management
JOURNAL OF PERSONAL SELLING AND SALES MANAGEMENT,MKG,Marketing,3,0885-3134,1557-7813,1557-7813,journal-of-personal-selling-and-sales-management
JOURNAL OF RETAILING AND CONSUMER SERVICES,MKG,Marketing,3,0969-6989,1873-1384,1873-1384,journal-of-retailing-and-consumer-services
JOURNAL OF SERVICES MARKETING,MKG,Marketing,3,0887-6045,0887-6045,0887-6045,journal-of-services-marketing
JUDGMENT AND DECISION MAKING,MKG,Marketing,3,1930-2975,1930-2975,1930-2975,judgment-and-decision-making
MARKETING THEORY,MKG,Marketing,3,1470-5931,1741-301X,1741-301X,marketing-theory
SOCIAL SCIENCE AND MEDICINE,HLTH,Santé,1,0277-9536,1873-5347,1873-5347,social-science-and-medicine
HEALTH AFFAIRS,HLTH,Santé,2,0278-2715,1544-5208,1544-5208,health-affairs
HEALTH ECONOMICS,HLTH,Santé,2,1057-9230,1099-1050,1099-1050,health-economics
HEALTH POLICY,HLTH,Santé,2,0168-8510,1872-6054,1872-6054,health-policy
HEALTH SERVICES RESEARCH,HLTH,Santé,2,0017-9124,1475-6773,1475-6773,health-services-research
BMJ QUALITY AND SAFETY (ORIGINAL RESEARCH),HLTH,Santé,3,2044-5415,2044-5423,2044-5423,bmj-quality-and-safety-original-research
EUROPEAN JOURNAL OF HEALTH ECONOMICS,HLTH,Santé,3,1618-7598,1618-7601,1618-7601,european-journal-of-health-economics
HEALTH CARE MANAGEMENT REVIEW,HLTH,Santé,3,0361-6274,1550-5030,1550-5030,health-care-management-review
HEALTH CARE MANAGEMENT SCIENCE,HLTH,Santé,3,1386-9620,1572-9389,1572-9389,health-care-management-science
INTERNATIONAL JOURNAL OF HEALTH ECONOMICS AND MANAGEMENT,HLTH,Santé,3,2199-9023,2199-9031,2199-9031,international-journal-of-health-economics-and-management
JOURNAL OF HEALTH SERVICES RESEARCH AND POLICY,HLTH,Santé,3,1355-8196,1758-1060,1758-1060,journal-of-health-services-research-and-policy
MEDICAL CARE,HLTH,Santé,3,0025-7079,1537-1948,1537-1948,medical-care
MEDICAL DECISION MAKING,HLTH,Santé,3,0272-989X,1552-681X,1552-681X,medical-decision-making
QUALITY OF LIFE RESEARCH,HLTH,Santé,3,0962-9343,1573-2649,1573-2649,quality-of-life-research
THE MILBANK QUARTERLY,HLTH,Santé,3,0887-378X,1468-0009,1468-0009,the-milbank-quarterly
TOURISM MANAGEMENT,SECTOR,Sectoriel,1,0261-5177,1879-3193,1879-3193,tourism-management
TRANSPORTATION RESEARCH B: METHODOLOGICAL,SECTOR,Sectoriel,1,0191-2615,1879-2367,1879-2367,transportation-research-b-methodological
ANNALS OF TOURISM RESEARCH,SECTOR,Sectoriel,2,0160-7383,1873-7722,1873-7722,annals-of-tourism-research
ENERGY ECONOMICS,SECTOR,Sectoriel,2,0140-9883,1873-6181,1873-6181,energy-economics
ENERGY JOURNAL,SECTOR,Sectoriel,2,0195-6574,1944-9089,1944-9089,energy-journal
ENERGY POLICY,SECTOR,Sectoriel,2,0301-4215,1873-6777,1873-6777,energy-policy
ENVIRONMENT AND PLANNING A,SECTOR,Sectoriel,2,0308-518X,1472-3409,1472-3409,environment-and-planning-a
JOURNAL OF TRAVEL RESEARCH,SECTOR,Sectoriel,2,0047-2875,1552-6763,1552-6763,journal-of-travel-research
NONPROFIT AND VOLUNTARY SECTOR QUARTERLY,SECTOR,Sectoriel,2,0899-7640,1552-7395,1552-7395,nonprofit-and-voluntary-sector-quarterly
REGIONAL STUDIES,SECTOR,Sectoriel,2,0034-3404,1360-0591,1360-0591,regional-studies
TRANSPORTATION RESEARCH A: POLICY AND PRACTICE,SECTOR,Sectoriel,2,0965-8564,1879-2375,1879-2375,transportation-research-a-policy-and-practice
TRANSPORTATION RESEARCH D: TRANSPORT AND ENVIRONMENT,SECTOR,Sectoriel,2,1361-9209,1879-2340,1879-2340,transportation-research-d-transport-and-environment
URBAN STUDIES,SECTOR,Sectoriel,2,0042-0980,1360-063X,1360-063X,urban-studies
APPETITE,SECTOR,Sectoriel,3,0092-0703,1095-8304,1095-8304,appetite
BRITISH FOOD JOURNAL,SECTOR,Sectoriel,3,0007-070X,1758-4108,1758-4108,british-food-journal
CURRENT ISSUES IN TOURISM,SECTOR,Sectoriel,3,1368-3500,1747-7603,1747-7603,current-issues-in-tourism
EURO JOURNAL ON TRANSPORTATION AND LOGISTICS,SECTOR,Sectoriel,3,2192-4376,2192-4384,2192-4384,euro-journal-on-transportation-and-logistics
EUROPEAN SPORT MANAGEMENT QUARTERLY,SECTOR,Sectoriel,3,1618-4742,1746-031X,1746-031X,european-sport-management-quarterly
INTERNATIONAL JOURNAL OF CONTEMPORARY HOSPITALITY MANAGEMENT,SECTOR,Sectoriel,3,0959-6119,1757-1049,1757-1049,international-journal-of-contemporary-hospitality-management
INTERNATIONAL JOURNAL OF HOSPITALITY MANAGEMENT,SECTOR,Sectoriel,3,0278-4319,1873-4693,1873-4693,international-journal-of-hospitality-management
INTERNATIONAL JOURNAL OF TOURISM RESEARCH,SECTOR,Sectoriel,3,1099-2340,1522-1970,1522-1970,international-journal-of-tourism-research
JOURNAL OF HOSPITALITY AND TOURISM MANAGEMENT,SECTOR,Sectoriel,3,1447-6770,1839-5260,1839-5260,journal-of-hospitality-and-tourism-management
JOURNAL OF HOSPITALITY AND TOURISM RESEARCH,SECTOR,Sectoriel,3,1096-3480,1557-7554,1557-7554,journal-of-hospitality-and-tourism-research
JOURNAL OF MANAGEMENT IN ENGINEERING,SECTOR,Sectoriel,3,0742-597X,1943-5479,1943-5479,journal-of-management-in-engineering
JOURNAL OF SUSTAINABLE TOURISM,SECTOR,Sectoriel,3,0966-9582,1747-7646,1747-7646,journal-of-sustainable-tourism
JOURNAL OF TRANSPORT GEOGRAPHY,SECTOR,Sectoriel,3,0966-6923,1873-1236,1873-1236,journal-of-transport-geography
JOURNAL OF TRAVEL & TOURISM MARKETING,SECTOR,Sectoriel,3,1054-8408,1540-7306,1540-7306,journal-of-travel-and-tourism-marketing
LAND ECONOMICS,SECTOR,Sectoriel,3,0023-7639,1543-8325,1543-8325,land-economics
PAPERS IN REGIONAL SCIENCE,SECTOR,Sectoriel,3,1056-8190,1435-5957,1435-5957,papers-in-regional-science
REGIONAL SCIENCE AND URBAN ECONOMICS,SECTOR,Sectoriel,3,0166-0462,1879-2308,1879-2308,regional-science-and-urban-economics
RESOURCE AND ENERGY ECONOMICS,SECTOR,Sectoriel,3,0928-7655,1873-0221,1873-0221,resource-and-energy-economics
SAFETY SCIENCE,SECTOR,Sectoriel,3,0925-7535,1879-1042,1879-1042,safety-science
SERVICE INDUSTRIES JOURNAL,SECTOR,Sectoriel,3,0264-2069,1743-9507,1743-9507,service-industries-journal
SPORT MANAGEMENT REVIEW,SECTOR,Sectoriel,3,1441-3523,1839-2083,1839-2083,sport-management-review
TOURISM MANAGEMENT PERSPECTIVES,SECTOR,Sectoriel,3,2211-9736,2211-9744,2211-9744,tourism-management-perspectives
TRANSPORT POLICY,SECTOR,Sectoriel,3,0967-070X,1879-310X,1879-310X,transport-policy
TRANSPORT REVIEWS,SECTOR,Sectoriel,3,0144-1647,1464-5327,1464-5327,transport-reviews
TRANSPORTATION,SECTOR,Sectoriel,3,0049-4488,1572-9435,1572-9435,transportation
STRATEGIC MANAGEMENT JOURNAL,STRAT,Stratégie,1*,0143-2095,1097-0266,1097-0266,strategic-management-journal
GLOBAL STRATEGY JOURNAL,STRAT,Stratégie,1,2042-5791,2042-5805,2042-5805,global-strategy-journal
LONG RANGE PLANNING,STRAT,Stratégie,1,0024-6301,1873-1872,1873-1872,long-range-planning
STRATEGIC ORGANIZATION,STRAT,Stratégie,1,1476-1270,1741-315X,1741-315X,strategic-organization
JOURNAL OF ECONOMICS AND MANAGEMENT STRATEGY,STRAT,Stratégie,2,1058-6407,1530-9134,1530-9134,journal-of-economics-and-management-strategy
M@N@GEMENT,STRAT,Stratégie,2,,1286-4692,1286-4692,m-n-gement
ADVANCES IN STRATEGIC MANAGEMENT,STRAT,Stratégie,3,0742-3322,0742-3322,0742-3322,advances-in-strategic-management
BUSINESS STRATEGY AND THE ENVIRONMENT,STRAT,Stratégie,3,0964-4733,1099-0836,1099-0836,business-strategy-and-the-environment
INTERNATIONAL JOURNAL OF FORECASTING,STRAT,Stratégie,3,0169-2070,1872-8200,1872-8200,international-journal-of-forecasting
JOURNAL OF FORECASTING,STRAT,Stratégie,3,0277-6693,1099-131X,1099-131X,journal-of-forecasting
TECHNOLOGY ANALYSIS AND STRATEGIC MANAGEMENT,STRAT,Stratégie,3,0953-7325,1465-3990,1465-3990,technology-analysis-and-strategic-management
EUROPEAN JOURNAL OF INFORMATION SYSTEMS,MIS,Systèmes d information,1*,0960-085X,1476-9344,1476-9344,european-journal-of-information-systems
INFORMATION SYSTEMS RESEARCH,MIS,Systèmes d information,1*,1047-7047,1526-5536,1526-5536,information-systems-research
MIS QUARTERLY,MIS,Systèmes d information,1*,0276-7783,2162-9730,2162-9730,mis-quarterly
INFORMATION AND MANAGEMENT,MIS,Systèmes d information,1,0378-7206,1872-7530,1872-7530,information-and-management
INFORMATION SYSTEMS JOURNAL,MIS,Systèmes d information,1,1350-1917,1365-2575,1365-2575,information-systems-journal
JOURNAL OF INFORMATION TECHNOLOGY,MIS,Systèmes d information,1,0268-3962,1466-4437,1466-4437,journal-of-information-technology
JOURNAL OF MANAGEMENT INFORMATION SYSTEMS,MIS,Systèmes d information,1,0742-1222,1557-928X,1557-928X,journal-of-management-information-systems
JOURNAL OF STRATEGIC INFORMATION SYSTEMS,MIS,Systèmes d information,1,0963-8687,1873-1198,1873-1198,journal-of-strategic-information-systems
JOURNAL OF THE ASSOCIATION FOR INFORMATION SYSTEMS,MIS,Systèmes d information,1,1536-9323,1558-3457,1558-3457,journal-of-the-association-for-information-systems
ACM TRANSACTIONS ON COMPUTER-HUMAN INTERACTION,MIS,Systèmes d information,2,1073-0516,1557-7325,1557-7325,acm-transactions-on-computer-human-interaction
DECISION SCIENCES,MIS,Systèmes d information,2,0011-7315,1540-5915,1540-5915,decision-sciences
DECISION SUPPORT SYSTEMS,MIS,Systèmes d information,2,0167-9236,1873-5797,1873-5797,decision-support-systems
"IEEE TRANSACTION ON SYSTEMS, MAN AND CYBERNETICS: SYSTEMS (FORMERLY ""IEEE TRANSACTIONS ON SYSTEMS, MAN AND CYBERNETICS - PART A: SYSTEMS AND HUMANS"")",MIS,Systèmes d information,2,2168-2216,2168-2232,2168-2232,ieee-transaction-on-systems-man-and-cybernetics-systems-formerly-ieee-transactions-on-systems-man-and-cybernetics-part-a-systems-and-humans
IEEE TRANSACTIONS ON ENGINEERING MANAGEMENT,MIS,Systèmes d information,2,0018-9391,1558-0040,1558-0040,ieee-transactions-on-engineering-management
INFORMATION AND ORGANIZATION,MIS,Systèmes d information,2,1471-7727,1873-7919,1873-7919,information-and-organization
INFORMATION SYSTEMS FRONTIERS,MIS,Systèmes d information,2,1387-3326,1572-9419,1572-9419,information-systems-frontiers
INFORMATION TECHNOLOGY AND PEOPLE,MIS,Systèmes d information,2,0959-3845,1758-5813,1758-5813,information-technology-and-people
INTERNATIONAL JOURNAL OF ELECTRONIC COMMERCE,MIS,Systèmes d information,2,1086-4415,1557-9301,1557-9301,international-journal-of-electronic-commerce
INTERNATIONAL JOURNAL OF INFORMATION MANAGEMENT,MIS,Systèmes d information,2,0268-4012,1873-4707,1873-4707,international-journal-of-information-management
JOURNAL OF COMPUTER MEDIATED COMMUNICATION,MIS,Systèmes d information,2,1083-6101,1083-6101,1083-6101,journal-of-computer-mediated-communication
SYSTÈMES D'INFORMATION ET MANAGEMENT (SIM),MIS,Systèmes d information,2,1260-4984,2271-7188,2271-7188,systemes-d-information-et-management-sim
AIS TRANSACTIONS ON HUMAN-COMPUTER INTERACTION,MIS,Systèmes d information,3,1944-3900,1944-3900,1944-3900,ais-transactions-on-human-computer-interaction
BEHAVIOUR AND INFORMATION TECHNOLOGY,MIS,Systèmes d information,3,0144-929X,1362-3001,1362-3001,behaviour-and-information-technology
BRITISH JOURNAL OF EDUCATIONAL TECHNOLOGY,MIS,Systèmes d information,3,0007-1013,1467-8535,1467-8535,british-journal-of-educational-technology
BUSINESS AND INFORMATION SYSTEMS ENGINEERING (BISE) (FORMERLY: WIRTSCHAFTSINFORMATIK (WI)),MIS,Systèmes d information,3,1867-0202,2363-7005,2363-7005,business-and-information-systems-engineering-bise-formerly-wirtschaftsinformatik-wi
BUSINESS PROCESS MANAGEMENT JOURNAL,MIS,Systèmes d information,3,1463-7154,1758-4116,1758-4116,business-process-management-journal
COMMUNICATIONS OF THE ACM,MIS,Systèmes d information,3,0001-0782,1557-7317,1557-7317,communications-of-the-acm
COMMUNICATIONS OF THE ASSOCIATION FOR INFORMATION SYSTEMS,MIS,Systèmes d information,3,1529-3181,1529-3181,1529-3181,communications-of-the-association-for-information-systems
COMPUTERS & INDUSTRIAL ENGINEERING,MIS,Systèmes d information,3,0360-8352,1879-0550,1879-0550,computers-and-industrial-engineering
COMPUTERS IN HUMAN BEHAVIOR,MIS,Systèmes d information,3,0747-5632,1873-7692,1873-7692,computers-in-human-behavior
ELECTRONIC MARKETS,MIS,Systèmes d information,3,1019-6781,1422-8890,1422-8890,electronic-markets
ENTERPRISE INFORMATION SYSTEMS,MIS,Systèmes d information,3,1751-7575,1751-7583,1751-7583,enterprise-information-systems
EXPERT SYSTEMS WITH APPLICATIONS,MIS,Systèmes d information,3,0957-4174,1873-6793,1873-6793,expert-systems-with-applications
GOVERNMENT INFORMATION QUARTERLY,MIS,Systèmes d information,3,0740-624X,1872-9517,1872-9517,government-information-quarterly
HUMAN-COMPUTER INTERACTION,MIS,Systèmes d information,3,0737-0024,1532-7051,1532-7051,human-computer-interaction
IEEE TRANSACTIONS ON KNOWLEDGE AND DATA ENGINEERING,MIS,Systèmes d information,3,1041-4347,1041-4347,1041-4347,ieee-transactions-on-knowledge-and-data-engineering
IEEE TRANSACTIONS ON SOFTWARE ENGINEERING,MIS,Systèmes d information,3,0098-5589,1939-3520,1939-3520,ieee-transactions-on-software-engineering
INDUSTRIAL MANAGEMENT AND DATA SYSTEMS,MIS,Systèmes d information,3,0263-5577,1758-5783,1758-5783,industrial-management-and-data-systems
INFORMATION COMMUNICATION AND SOCIETY,MIS,Systèmes d information,3,1369-118X,1468-4462,1468-4462,information-communication-and-society
INFORMATION PROCESSING AND MANAGEMENT,MIS,Systèmes d information,3,0306-4573,1873-5371,1873-5371,information-processing-and-management
INFORMATION SYSTEMS AND E-BUSINESS MANAGEMENT,MIS,Systèmes d information,3,1617-9846,1617-9854,1617-9854,information-systems-and-e-business-management
INTERNATIONAL JOURNAL OF HUMAN COMPUTER STUDIES,MIS,Systèmes d information,3,1071-5819,1095-9300,1095-9300,international-journal-of-human-computer-studies
INTERNET RESEARCH,MIS,Systèmes d information,3,1066-2243,1066-2243,1066-2243,internet-research
JOURNAL OF ENTERPRISE INFORMATION MANAGEMENT,MIS,Systèmes d information,3,1741-0398,1758-7409,1758-7409,journal-of-enterprise-information-management
JOURNAL OF GLOBAL INFORMATION MANAGEMENT,MIS,Systèmes d information,3,1062-7375,1533-7995,1533-7995,journal-of-global-information-management
KNOWLEDGE MANAGEMENT RESEARCH & PRACTICE,MIS,Systèmes d information,3,1477-8238,1477-8246,1477-8246,knowledge-management-research-and-practice
MIS QUARTERLY EXECUTIVE,MIS,Systèmes d information,3,1540-1960,1540-1979,1540-1979,mis-quarterly-executive
THE DATA BASE FOR ADVANCES IN INFORMATION SYSTEMS,MIS,Systèmes d information,3,0095-0033,1532-0936,1532-0936,the-data-base-for-advances-in-information-systems
THE INFORMATION SOCIETY,MIS,Systèmes d information,3,0197-2243,1087-6537,1087-6537,the-information-society
ADMINISTRATIVE SCIENCE QUARTERLY,ORG STUD,Études organisationnelles,1*,0001-8392,1930-3815,1930-3815,administrative-science-quarterly
ORGANIZATION SCIENCE,ORG STUD,Études organisationnelles,1*,1047-7039,1526-5455,1526-5455,organization-science
JOURNAL OF ORGANIZATIONAL BEHAVIOR,ORG STUD,Études organisationnelles,1,0894-3796,1099-1379,1099-1379,journal-of-organizational-behavior
ORGANIZATION STUDIES,ORG STUD,Études organisationnelles,1,0170-8406,1741-3044,1741-3044,organization-studies
ORGANIZATIONAL RESEARCH METHODS,ORG STUD,Études organisationnelles,1,1094-4281,1552-7425,1552-7425,organizational-research-methods
JOURNAL OF ECONOMIC BEHAVIOR AND ORGANIZATION,ORG STUD,Études organisationnelles,2,0167-2681,1879-1751,1879-1751,journal-of-economic-behavior-and-organization
JOURNAL OF KNOWLEDGE MANAGEMENT,ORG STUD,Études organisationnelles,2,1367-3270,1758-7484,1758-7484,journal-of-knowledge-management
ORGANIZATION,ORG STUD,Études organisationnelles,2,1350-5084,1461-7323,1461-7323,organization
ORGANIZATION AND ENVIRONMENT,ORG STUD,Études organisationnelles,2,1086-0266,1552-7417,1552-7417,organization-and-environment
ORGANIZATIONAL DYNAMICS,ORG STUD,Études organisationnelles,2,0090-2616,1873-3530,1873-3530,organizational-dynamics
RESEARCH IN ORGANIZATIONAL BEHAVIOR,ORG STUD,Études organisationnelles,2,0191-3085,0191-3085,0191-3085,research-in-organizational-behavior
ANNUAL REVIEW OF ORGANIZATIONAL PSYCHOLOGY AND ORGANIZATIONAL BEHAVIOR,ORG STUD,Études organisationnelles,3,2327-0608,2327-0616,2327-0616,annual-review-of-organizational-psychology-and-organizational-behavior
CULTURE AND ORGANIZATION,ORG STUD,Études organisationnelles,3,1475-9551,1477-2760,1477-2760,culture-and-organization
"GROUP DYNAMICS: THEORY, RESEARCH AND PRACTICE",ORG STUD,Études organisationnelles,3,1089-2699,1930-7802,1930-7802,group-dynamics-theory-research-and-practice
GROUP PROCESSES AND INTERGROUP RELATIONS,ORG STUD,Études organisationnelles,3,1368-4302,1461-7188,1461-7188,group-processes-and-intergroup-relations
JOURNAL OF BEHAVIORAL AND EXPERIMENTAL ECONOMICS (FORMERLY: JOURNAL OF SOCIO-ECONOMICS),ORG STUD,Études organisationnelles,3,2214-8043,2214-8051,2214-8051,journal-of-behavioral-and-experimental-economics-formerly-journal-of-socio-economics
JOURNAL OF ORGANIZATIONAL BEHAVIOR MANAGEMENT,ORG STUD,Études organisationnelles,3,0160-8061,1540-8604,1540-8604,journal-of-organizational-behavior-management
JOURNAL OF ORGANIZATIONAL CHANGE MANAGEMENT,ORG STUD,Études organisationnelles,3,0953-4814,1758-7816,1758-7816,journal-of-organizational-change-management
MANAGEMENT AND ORGANIZATION REVIEW,ORG STUD,Études organisationnelles,3,1740-8776,1740-8784,1740-8784,management-and-organization-review
ORGANIZATIONAL PSYCHOLOGY REVIEW,ORG STUD,Études organisationnelles,3,2041-3866,2041-3874,2041-3874,organizational-psychology-review
REVIEW OF INDUSTRIAL ORGANIZATION,ORG STUD,Études organisationnelles,3,0889-938X,1573-7160,1573-7160,review-of-industrial-organization
SMALL GROUP RESEARCH,ORG STUD,Études organisationnelles,3,1046-4964,1552-8278,1552-8278,small-group-research
